Temperature,Humidity,Pressure,Light,Cloudiness,API_Rain,Predict_Rain
34.9,72.8,1009.3,1824,58,0,0
36.6,85.2,1008.6,3717,57,0,0
31.2,73.0,1004.4,2977,63,1,0
26.6,72.3,1009.6,1934,28,1,0
32.0,69.5,991.3,829,90,0,0
35.6,97.0,1019.9,3511,45,0,1
35.0,90.9,1012.6,2040,15,0,0
32.7,99.3,1010.1,1365,27,0,1
31.6,99.8,1013.9,59,92,0,1
20.9,90.1,1007.1,2202,44,0,0
32.4,65.1,1017.6,1318,0,0,0
37.9,71.5,991.9,1734,56,0,0
27.6,77.0,993.2,3456,64,0,0
23.0,51.3,1001.7,588,9,0,0
22.2,51.4,1002.6,2952,94,0,0
26.5,77.9,996.6,3584,53,0,0
27.9,47.3,1004.3,389,13,1,0
38.2,93.1,1021.8,57,34,0,0
30.6,47.3,1019.1,2290,92,0,0
37.6,74.0,999.8,3526,23,0,0
20.9,61.7,992.6,1619,40,1,0
34.9,82.8,1012.2,4063,75,0,0
26.1,58.5,1023.5,1880,16,1,0
26.1,61.6,1018.9,2465,85,0,0
20.9,53.9,1014.6,2358,88,0,0
34.6,95.6,1012.7,1988,24,0,1
25.9,67.4,990.8,3114,3,1,0
32.8,54.4,1006.3,3250,22,0,0
40.0,67.9,1011.4,3093,91,0,0
29.1,98.1,1021.2,2805,78,1,1
23.8,62.8,1020.2,2299,41,0,0
37.1,55.3,999.1,1256,67,0,0
36.1,52.2,1018.3,917,33,0,0
30.7,79.6,990.7,759,15,1,0
39.7,57.0,996.1,2799,80,0,0
31.1,66.6,1015.0,640,43,0,0
21.7,71.8,1024.4,631,75,1,0
27.7,88.4,998.5,2440,59,0,1
32.2,66.4,1013.3,1450,2,0,0
21.6,97.6,1020.2,676,99,0,1
32.1,44.9,998.1,347,2,1,0
21.2,82.1,1015.7,3132,52,0,0
35.1,41.9,1005.0,3959,33,0,0
27.3,74.2,993.2,2093,73,0,0
25.4,64.4,1020.4,1478,24,0,0
23.1,60.6,1003.8,1492,57,0,0
33.9,76.4,996.0,571,4,1,0
31.0,67.9,1021.4,1851,3,0,0
27.0,98.6,1017.4,741,65,0,1
24.6,71.1,990.9,3477,2,0,0
34.1,75.5,1020.4,2896,0,0,0
29.5,75.7,1003.5,283,25,0,0
39.3,82.4,1004.9,62,29,0,0
20.0,62.1,1009.7,3039,100,0,0
26.3,48.5,993.7,183,71,0,0
22.7,62.6,992.0,1421,34,0,0
24.6,55.4,993.7,3351,37,0,0
39.2,87.7,1015.3,2983,62,0,0
36.3,43.8,1007.6,536,72,0,0
32.0,97.9,1011.8,312,80,0,1
22.1,86.7,1011.3,403,92,0,0
36.4,54.2,1020.0,721,3,0,0
36.1,52.2,999.2,3596,24,0,0
27.9,59.8,1011.3,2546,53,0,0
32.5,43.9,990.1,2760,52,0,0
21.7,65.2,1011.9,3767,71,0,0
30.6,92.2,1002.8,2917,44,1,1
34.4,60.5,1015.5,1654,43,0,0
27.6,53.1,1003.5,108,14,0,0
25.4,75.7,999.0,1836,46,0,0
39.1,89.9,999.8,1373,49,1,1
32.0,46.8,992.1,3273,7,1,0
35.7,98.2,1000.1,3798,7,1,1
25.8,75.1,1018.4,509,41,1,0
31.0,42.7,1019.5,1144,46,0,0
29.5,91.5,996.5,3326,73,0,1
29.2,49.1,1000.7,3019,23,1,0
33.3,72.0,1020.9,1857,84,0,0
26.0,54.4,990.6,103,76,0,0
23.8,53.0,991.7,1910,65,0,0
20.9,82.5,998.2,3608,86,0,0
32.8,94.8,992.0,2279,25,0,1
27.0,93.4,1019.4,2510,66,1,0
32.9,40.9,1018.2,3068,74,0,0
20.7,68.2,997.2,2567,56,1,0
25.7,71.0,1017.7,366,65,0,0
23.8,67.1,1021.5,2690,18,0,1
30.2,81.9,997.2,3029,60,0,0
20.5,79.2,1006.2,3487,6,0,1
30.0,79.0,997.7,1130,91,0,0
22.9,62.4,1010.7,3308,10,0,0
36.8,58.7,1004.4,310,12,0,0
39.5,74.1,1019.3,2764,54,1,0
24.8,73.4,1004.8,693,91,1,0
39.8,82.4,1019.3,98,6,0,0
25.1,54.7,993.3,3316,61,0,0
39.0,71.3,1009.9,1382,5,0,0
32.8,77.0,991.3,3873,75,0,0
38.0,81.3,1015.1,1206,81,1,1
23.4,74.5,1020.5,398,82,0,0
25.8,47.2,993.6,3414,99,0,0
34.3,62.0,999.9,4008,18,0,0
32.4,87.2,1006.8,2191,87,1,1
37.6,67.5,1000.1,1498,43,1,0
26.5,71.4,991.2,913,51,1,0
36.2,89.4,1015.9,778,95,0,0
31.2,73.4,1004.2,1137,11,0,0
39.6,61.1,992.4,1541,93,0,0
27.1,84.5,1000.6,1744,97,0,0
28.0,91.0,1003.8,57,36,0,1
29.6,66.7,1018.4,57,6,1,0
31.1,69.9,1019.8,1936,35,0,0
27.0,80.7,998.4,782,58,0,0
31.4,42.6,1021.4,3644,23,0,0
24.7,94.4,1020.2,2025,17,1,0
21.6,84.5,998.7,2881,96,0,0
21.0,72.8,1024.1,1613,52,1,0
29.9,58.8,998.4,447,1,1,0
24.8,64.4,993.2,2400,61,0,0
33.0,43.4,996.3,3024,93,1,1
37.9,63.3,1020.5,1168,51,1,0
39.2,41.4,999.9,3689,22,0,0
34.3,88.1,999.3,3702,54,0,1
25.0,41.7,997.1,3223,75,0,0
23.8,65.7,997.1,407,2,0,0
33.4,55.0,1007.0,1253,81,0,0
29.3,53.6,1003.9,639,62,0,0
30.7,92.6,1001.8,3406,92,0,1
25.2,75.6,1020.7,270,63,0,0
32.0,42.2,1014.3,1017,1,0,0
33.9,82.4,992.5,65,34,1,0
37.5,56.9,1021.6,230,72,0,0
35.3,55.4,1010.1,1248,100,0,0
26.4,87.2,998.9,1967,48,0,1
33.7,96.3,1000.6,99,58,0,1
28.4,73.0,990.3,3575,51,0,0
31.9,47.3,1012.1,3958,13,0,0
38.5,44.9,1018.5,2703,77,0,0
28.5,63.2,1024.7,2008,72,0,0
33.5,60.2,1002.6,3439,87,1,1
33.7,85.2,1017.7,2984,19,1,0
34.9,53.3,1010.4,287,39,1,0
33.8,63.9,1018.5,934,93,0,0
20.1,98.3,1023.4,1373,41,0,1
35.6,72.0,1006.8,2710,87,1,1
28.6,62.3,991.1,1649,30,0,0
30.1,90.8,1019.8,2852,36,1,0
34.8,92.7,996.0,3649,32,0,1
36.6,71.5,1024.2,2004,89,0,0
20.9,86.8,1019.5,856,15,1,0
31.2,57.8,1011.8,1079,24,1,1
24.6,95.5,1020.4,2895,19,0,1
35.9,55.7,991.0,1939,50,1,0
22.7,63.0,994.4,3354,26,1,0
21.3,46.6,992.7,326,77,0,0
23.5,59.7,1001.2,3216,45,1,0
34.0,76.1,990.6,3601,83,0,0
21.9,83.7,1005.6,3052,49,1,0
38.5,99.2,1021.7,166,0,0,1
22.6,42.7,1014.8,2343,31,0,0
20.6,54.8,1003.0,470,64,0,1
35.9,46.0,1024.2,808,98,0,0
21.3,53.2,990.8,3587,39,1,0
26.5,44.5,1001.7,3943,11,1,0
32.0,51.4,1016.3,2067,63,0,0
23.3,91.7,996.3,2231,25,0,1
39.3,75.4,1006.9,960,82,0,0
33.0,94.0,1024.0,1132,18,0,0
38.9,78.9,1018.4,2630,7,0,0
36.0,78.3,1004.4,2192,21,0,0
28.3,77.9,1017.8,740,92,1,1
28.4,65.1,1012.2,1420,39,0,0
25.1,98.1,1010.0,4040,60,0,1
25.1,77.1,1004.0,1341,89,1,1
28.9,55.8,1009.2,247,77,0,0
34.0,55.7,1019.2,3284,74,0,0
38.7,97.8,1000.7,2719,36,0,1
23.8,87.5,1023.1,1080,22,0,0
34.6,74.0,1006.0,3339,81,0,0
36.0,62.6,1015.1,670,47,0,0
32.7,75.9,1010.9,1397,1,0,0
26.3,55.1,993.2,308,23,0,0
35.2,53.8,1003.4,2377,13,1,0
36.4,65.6,1017.7,3313,83,1,1
38.8,96.4,1011.9,1160,35,0,1
28.6,83.7,991.4,759,52,0,0
22.6,81.9,1021.1,347,42,0,0
24.1,68.2,991.7,587,2,0,0
22.1,68.7,998.0,1828,5,1,0
24.1,86.4,1023.2,746,91,0,0
32.5,59.7,1008.7,1664,41,1,0
21.5,78.1,998.9,2264,97,0,0
30.3,40.8,1006.0,3985,96,0,0
25.4,42.1,1020.6,1297,8,0,0
21.8,46.5,1012.8,3042,52,0,0
22.9,44.1,996.3,3850,42,0,0
26.8,63.8,1008.1,2531,62,1,0
20.3,84.9,996.4,1810,86,0,0
27.1,74.4,1011.1,625,73,0,0
20.9,77.0,1015.9,22,82,0,0
26.7,95.5,999.2,1025,43,0,1
36.5,84.0,1021.9,2826,6,0,0
20.5,86.4,993.8,2527,17,0,1
38.0,43.7,997.5,2755,83,1,1
32.3,97.1,1012.6,2047,5,0,1
34.0,53.9,999.1,3455,29,0,0
30.6,82.3,990.6,1641,38,1,0
25.9,49.3,1007.1,2422,30,0,0
20.6,68.3,1016.7,242,50,1,0
31.3,87.8,1010.0,232,79,0,0
24.3,47.0,999.0,1206,54,0,0
28.8,72.2,1022.4,4063,72,0,0
30.3,68.0,1006.4,1020,87,1,1
38.0,52.6,1001.1,1820,34,0,0
34.4,54.4,1016.8,2481,81,0,0
35.3,49.4,1023.4,458,39,0,0
27.5,74.4,1023.8,1231,1,0,0
36.3,52.6,992.6,949,86,0,0
22.8,85.1,1024.6,876,84,0,0
33.2,43.0,1015.2,1934,93,0,0
35.8,40.1,990.4,520,69,0,0
28.4,78.3,1008.8,1287,20,0,0
25.0,90.2,991.9,2857,39,1,1
37.3,91.7,1001.8,3878,38,0,1
37.6,75.2,1012.9,436,71,0,1
36.5,71.1,1019.3,1880,38,0,0
20.9,78.9,1002.2,3153,61,0,0
24.6,77.2,992.3,2004,72,1,0
25.8,65.7,990.5,2225,83,0,0
22.0,50.4,1013.9,3440,78,0,0
34.9,97.2,1024.6,388,19,0,1
26.5,50.2,1022.2,9,74,1,0
34.4,60.9,1016.2,279,14,0,0
25.6,45.6,1007.8,3681,98,0,0
31.3,74.7,1001.0,2519,95,1,1
30.2,48.6,1022.0,264,99,0,0
39.6,40.3,1007.9,2605,23,0,0
39.0,64.3,1022.6,2333,19,0,0
21.8,91.5,1020.9,796,47,0,0
22.0,63.5,1019.0,580,1,0,0
28.4,79.3,1023.8,975,44,0,0
24.8,68.3,993.1,1891,25,1,0
33.1,84.6,1021.4,1830,95,0,0
34.5,85.5,1004.0,865,8,0,1
21.1,67.7,1003.4,544,93,0,0
27.6,84.7,1000.5,3144,96,0,1
20.0,98.5,1020.4,690,55,0,1
38.7,72.1,1006.1,1157,45,1,0
25.7,49.6,1016.3,1716,15,1,0
40.0,73.2,1017.7,1354,74,0,0
25.3,84.9,1009.6,1171,67,0,0
31.2,91.3,995.2,2782,19,0,1
27.1,52.7,1002.7,4063,42,0,1
27.8,86.9,999.9,2772,52,0,1
23.2,70.0,1020.9,404,99,0,0
34.1,55.7,995.0,1510,70,0,0
22.8,50.7,999.3,2452,56,0,0
35.2,62.1,1012.1,3169,33,1,0
27.8,87.2,1022.1,92,42,1,0
21.4,98.7,1012.9,969,54,1,1
24.2,70.3,1009.0,441,17,0,1
26.5,93.0,1018.5,1635,56,0,0
20.8,56.3,1000.5,2609,68,0,0
37.3,80.4,1011.3,3249,61,0,0
37.1,40.2,1001.6,1272,8,1,0
34.4,84.8,1016.6,2398,77,0,0
38.5,41.0,1006.4,99,76,0,0
27.5,76.5,1001.9,2655,14,1,0
23.6,64.1,997.5,3343,22,1,0
32.7,55.2,1002.2,2039,33,0,0
23.2,50.0,1023.5,2126,48,1,0
34.6,96.9,1004.1,1317,20,0,1
23.2,70.0,1009.0,2229,40,1,0
35.8,58.4,1019.3,419,80,0,0
23.1,62.5,994.0,2163,0,0,0
35.2,93.6,1020.9,231,10,0,0
30.5,59.2,1008.0,960,40,0,0
23.9,59.4,1020.1,1535,42,0,0
25.3,59.0,1004.3,3062,78,1,0
39.9,61.9,998.7,3106,85,1,1
31.5,81.4,1012.4,281,58,1,1
36.4,59.2,1011.5,1002,43,0,0
22.2,72.3,990.5,1556,23,0,0
36.4,62.6,1004.5,947,40,0,0
39.2,59.6,1012.8,1089,83,1,1
32.7,40.8,1017.8,2907,68,0,0
35.9,77.8,1015.3,845,87,0,0
36.6,85.4,1018.1,3866,24,1,0
39.4,71.7,1007.6,2914,31,0,0
21.5,74.0,990.5,3517,34,0,0
20.2,55.9,992.0,22,59,1,0
20.3,47.4,1010.9,1818,38,0,0
37.9,72.7,1001.1,1995,8,1,0
34.5,75.9,1018.5,2008,49,0,0
34.1,86.0,1022.2,1806,75,1,0
21.6,54.3,1020.0,2251,4,0,0
23.7,92.5,996.1,3189,73,0,1
35.8,43.7,1010.9,3706,92,0,0
36.7,65.3,995.8,1284,77,0,0
25.2,74.1,1010.1,1754,99,0,0
32.0,98.5,994.9,2403,10,0,1
22.6,85.4,1010.0,3143,17,1,0
38.1,51.3,1023.4,511,24,0,0
33.1,56.6,1022.5,2212,70,1,0
22.5,47.7,1020.3,304,1,0,0
21.0,82.4,1022.8,2729,0,1,0
35.6,74.6,992.5,1523,77,0,0
20.3,57.0,1005.8,2240,5,0,0
32.2,97.8,1000.7,878,76,0,1
23.0,70.6,1007.9,1839,21,0,1
25.0,95.7,992.7,569,7,1,1
28.4,55.0,1020.7,3362,58,0,0
23.0,69.0,1013.3,1532,35,1,0
35.0,74.6,1017.4,3915,72,0,0
39.3,46.0,1021.5,1070,23,0,0
23.1,64.3,1010.2,3888,11,0,0
29.2,49.0,1021.9,776,93,0,0
36.2,95.5,1015.1,3103,4,0,1
37.9,87.4,993.7,2593,27,0,1
27.7,77.5,993.9,1207,51,0,0
22.8,60.8,1004.3,2195,82,1,1
38.1,57.3,1008.3,2428,38,1,0
28.7,53.3,995.7,334,27,0,0
25.0,68.1,1008.2,389,93,0,0
22.1,48.7,997.5,3878,16,0,0
27.1,91.8,1004.3,1316,76,0,0
31.0,41.7,990.2,3529,40,0,0
35.9,80.3,1000.6,2104,85,0,0
26.2,45.4,1001.5,541,80,0,0
31.0,85.7,1001.2,3237,86,0,0
29.2,93.1,996.7,440,8,0,1
22.9,96.3,1003.6,2120,76,0,1
35.6,95.4,999.9,2679,48,1,1
39.9,92.7,1008.2,626,17,1,0
31.3,45.4,998.7,1726,96,0,0
29.5,69.8,1013.6,3902,18,1,0
22.4,56.7,1013.0,1184,47,1,0
29.6,41.5,993.9,505,60,0,0
22.4,71.0,991.1,267,97,0,0
31.2,74.3,994.3,4070,89,1,1
31.5,93.6,1023.7,1674,1,0,0
21.1,87.9,1000.0,1412,45,1,1
20.6,43.1,990.1,2065,0,0,0
32.3,69.8,1024.6,3294,8,1,0
26.0,46.0,1022.4,2196,75,0,0
26.5,59.6,996.4,290,48,0,0
37.8,60.8,1009.9,229,84,0,0
36.3,82.7,1022.9,3335,34,0,0
39.3,41.2,996.2,1423,15,0,0
23.3,99.5,1013.6,1774,43,0,1
31.0,63.4,1015.3,1285,49,0,0
40.0,88.0,1011.4,3034,26,1,0
21.9,64.2,992.5,2331,36,1,0
35.0,88.1,1021.7,2526,32,0,0
24.9,56.1,1008.6,1883,16,0,0
29.4,95.4,1023.8,2634,93,0,1
37.5,85.2,1009.0,3133,97,0,0
25.3,67.1,994.2,3298,12,0,0
36.8,58.0,992.0,380,94,1,1
35.3,49.8,1007.5,1501,58,0,0
23.7,91.9,1024.0,2719,99,1,1
32.9,51.5,995.8,3454,7,0,0
20.8,79.4,1002.2,3882,78,0,0
39.6,47.6,1005.6,2307,46,0,0
30.6,41.7,1002.7,3883,64,0,0
29.7,98.5,992.2,2092,60,0,1
26.3,85.2,1014.3,3338,71,0,0
31.5,48.8,992.4,3798,75,0,0
31.7,83.1,1017.1,1686,87,1,1
21.8,60.5,1023.8,3711,61,0,0
25.8,94.2,995.5,1941,37,0,1
23.7,93.7,997.5,352,41,0,1
23.8,73.6,990.8,2901,28,0,0
28.9,76.6,1006.7,1389,69,0,0
24.8,47.0,993.2,828,59,0,0
39.4,96.9,1019.4,3854,18,0,1
30.6,58.6,992.9,3893,86,0,1
27.2,74.9,996.7,421,33,0,0
27.1,68.2,993.1,2928,66,1,0
38.5,40.0,1010.0,3684,81,1,1
24.1,56.6,1020.0,408,76,0,0
20.0,48.3,1006.8,2159,35,0,0
39.3,99.6,995.3,1100,53,1,1
26.4,54.4,996.9,1317,11,0,0
31.6,80.6,992.1,694,58,1,0
39.6,91.2,1012.2,1066,84,0,0
23.0,80.8,1017.0,3788,86,0,0
24.6,56.8,1014.1,2718,93,0,0
34.0,60.8,1010.6,3046,87,1,1
30.1,59.9,992.0,1835,4,0,0
30.8,54.0,1022.6,930,41,0,0
25.3,45.1,1002.9,178,69,0,0
35.4,96.7,1011.5,2972,97,0,1
38.7,83.9,996.9,3688,83,1,1
20.1,54.2,1014.3,317,9,0,0
39.9,80.1,1025.0,519,83,1,1
29.6,91.0,990.3,3422,15,0,1
39.9,84.8,1019.3,2371,67,0,0
37.9,93.7,994.9,2890,76,1,1
28.2,50.2,994.6,3272,4,0,0
25.4,71.2,1012.5,311,5,0,0
29.7,44.7,991.3,1105,90,0,0
33.1,58.2,996.0,1237,21,0,0
23.2,40.7,1024.9,3948,75,1,0
34.8,66.0,996.7,3054,88,0,0
36.0,55.4,996.4,2246,18,1,0
29.7,65.6,993.0,2825,53,1,1
27.7,59.1,1023.6,721,78,0,0
38.6,56.5,1002.9,3526,22,0,0
35.0,91.6,998.1,1959,72,1,1
28.2,60.9,1019.3,2767,51,0,0
26.3,59.0,1018.2,1089,48,0,1
35.5,41.1,1019.4,1339,44,0,0
21.6,95.8,1014.8,2118,4,0,1
26.4,78.7,1022.7,2013,39,0,0
30.0,55.1,992.3,556,5,0,0
23.7,79.7,1013.9,1942,10,0,0
20.7,46.9,1015.0,1016,4,0,0
22.2,57.3,1021.6,3783,55,0,0
25.0,99.9,990.9,3249,90,0,1
32.3,76.2,1008.6,3660,82,1,1
37.6,92.8,999.0,3647,30,1,1
28.2,69.7,1024.8,763,96,1,1
29.9,78.3,1010.5,2994,89,1,1
24.9,48.1,1016.4,757,72,1,0
32.6,83.3,990.4,3923,99,0,0
39.7,89.3,995.0,2231,48,1,1
30.3,42.0,996.4,969,83,0,0
20.5,80.8,1013.9,1614,63,0,0
21.3,89.5,991.4,3795,78,0,1
30.6,92.0,1014.2,1893,15,1,0
31.6,79.1,1004.6,1473,2,0,0
24.8,95.0,1000.0,1,54,1,1
27.8,55.3,992.7,3560,47,0,0
20.3,74.9,1023.7,2446,63,0,0
32.7,85.9,1016.3,3199,98,1,1
27.0,74.8,998.7,2100,22,1,0
28.7,97.9,995.7,1201,59,0,1
37.5,65.9,1016.5,1074,46,1,0
27.1,94.6,1013.8,198,38,1,0
39.5,80.8,1007.6,1876,8,0,0
30.8,61.4,1015.8,3031,24,0,0
36.1,94.5,1011.0,2069,73,1,0
20.6,51.8,1021.9,1232,56,1,0
30.3,48.6,1012.1,3718,99,0,0
29.9,64.9,990.9,1313,41,0,0
25.6,43.3,1001.4,2514,47,0,0
34.2,66.0,1003.9,2396,68,1,0
26.4,79.8,1023.8,3317,29,0,0
36.3,59.7,1009.9,203,95,0,0
30.1,84.9,1003.4,1819,66,0,0
21.8,85.8,1023.3,2424,96,0,0
20.9,59.7,1020.4,3681,38,1,1
25.5,53.4,994.5,123,81,0,0
27.7,40.1,996.0,319,75,0,0
26.7,82.5,997.3,3343,43,1,0
36.4,48.6,1021.6,3091,52,1,0
28.2,89.6,990.6,178,90,0,0
27.8,66.2,1008.3,827,85,1,1
27.6,53.4,995.6,438,30,0,0
31.2,53.6,1003.8,4029,83,0,0
39.4,53.6,1007.8,3330,77,0,0
20.5,60.6,1015.1,2228,89,1,1
29.5,75.3,1022.6,3279,78,1,0
20.6,40.9,1002.5,2444,7,0,0
32.9,99.3,1006.4,257,41,0,1
31.4,54.2,998.4,1981,99,0,0
30.4,48.5,997.0,301,19,1,0
24.2,64.2,1009.3,1288,4,0,0
28.2,47.1,1022.8,2770,51,0,0
25.2,92.0,999.1,1277,67,0,1
39.1,54.9,1003.8,787,47,0,0
29.8,63.8,1011.1,2023,55,0,0
23.4,75.6,1007.3,2836,27,0,0
26.5,83.9,994.0,1415,70,0,0
24.9,85.8,1000.9,378,31,0,1
38.1,68.3,1004.9,2606,89,0,0
26.7,89.2,992.0,2890,75,0,1
21.2,45.5,991.5,2029,40,0,0
20.9,90.3,991.2,1332,85,1,0
25.2,41.1,1017.1,562,78,1,0
31.6,46.9,993.2,2575,94,0,0
39.9,77.0,1009.7,686,49,1,0
39.3,71.0,992.5,2046,74,1,0
25.7,76.5,1017.7,1639,24,0,0
25.2,59.7,998.3,640,2,1,0
37.9,61.0,1006.6,3695,98,0,0
34.1,55.2,1019.5,2328,37,1,0
32.1,52.3,1006.8,2240,10,0,0
21.1,85.9,1008.4,3588,96,0,0
25.6,68.9,1002.9,1082,78,1,0
37.8,43.1,1022.0,236,44,1,0
33.0,47.6,1018.1,1543,7,1,0
30.7,84.8,998.8,3022,46,1,0
25.5,56.4,1009.6,2826,47,0,0
24.0,90.1,1022.6,1924,30,1,0
35.3,72.7,1024.7,1927,44,0,0
21.1,74.4,995.9,3561,32,0,0
28.0,49.2,1001.2,121,81,0,1
34.7,50.8,1008.7,1472,97,0,0
28.6,55.9,1007.9,2323,55,0,0
37.3,93.0,1007.5,59,15,0,0
36.4,89.0,1016.8,804,53,0,0
30.5,99.4,1002.4,755,14,0,1
30.5,57.3,999.7,235,6,1,0
21.3,58.3,1005.7,2922,39,1,0
31.9,78.6,1014.3,765,71,0,0
21.3,49.9,1023.0,1343,83,0,0
23.1,83.3,1022.4,434,51,0,0
38.0,66.3,1003.1,1005,61,0,0
27.9,58.5,995.2,1652,2,0,0
39.4,75.4,993.7,2640,51,1,0
39.6,97.5,997.0,2999,33,0,1
32.6,57.6,1002.6,879,91,1,1
23.7,67.3,996.2,3507,42,0,1
24.8,73.2,997.1,926,47,0,0
33.2,46.4,1011.6,2737,10,0,0
24.9,71.9,1002.0,14,4,0,0
39.3,84.6,991.3,3484,96,1,1
22.2,92.2,1013.7,1464,12,0,0
31.3,50.8,1016.3,343,77,1,0
26.3,87.9,1019.8,2355,50,1,0
34.7,79.6,993.1,3609,13,0,0
33.4,72.5,991.3,1198,40,0,0
38.4,93.6,1005.6,1573,90,1,1
26.0,75.9,1002.7,2598,26,0,0
32.6,81.8,1005.6,3254,45,0,0
20.4,90.3,1017.3,1,97,0,0
27.3,77.1,1000.8,3024,18,0,0
31.5,42.7,1021.9,1123,62,0,0
21.2,48.7,1017.8,2525,15,1,0
33.1,52.2,1003.7,3083,32,0,0
29.0,92.8,1011.2,679,6,0,0
32.6,61.2,991.2,2199,26,0,0
26.2,66.0,990.8,3008,57,0,0
24.3,87.3,1003.2,1073,28,0,1
35.9,80.0,1010.3,819,21,0,0
36.3,96.8,1002.3,2764,42,0,1
25.4,70.0,1004.9,3863,8,0,0
22.9,65.8,1016.6,3948,96,0,0
25.2,70.1,1023.2,442,22,0,0
39.4,50.5,991.5,2342,75,0,0
38.9,96.0,1003.1,1389,83,0,1
35.5,45.5,990.5,3894,6,1,0
20.3,74.5,1016.9,712,39,0,0
32.8,80.4,997.2,914,15,0,0
34.2,70.4,1000.5,930,1,0,0
39.9,55.2,1006.2,3149,88,0,0
35.4,82.9,1002.3,721,4,0,1
32.4,64.1,991.5,494,38,0,0
34.6,92.4,1022.6,3961,6,1,0
30.1,67.0,1022.5,4064,27,0,0
22.3,93.3,1019.8,3840,52,0,0
30.1,74.1,990.6,1493,50,0,0
31.3,82.7,1012.6,2933,3,0,0
21.8,73.8,994.6,1861,17,0,1
20.2,75.8,992.1,2920,72,0,0
23.3,60.6,993.8,3853,44,0,0
21.2,51.6,1022.3,826,63,1,0
28.2,73.0,1011.3,833,93,0,0
32.8,68.5,1023.3,438,85,0,0
31.7,94.6,993.9,1925,84,1,1
33.4,49.7,999.5,956,73,0,0
22.9,51.3,1001.2,4064,56,0,0
33.7,53.4,1023.4,758,44,0,0
28.2,63.5,1016.9,607,34,0,0
32.8,61.2,998.5,2038,53,0,0
38.0,93.2,1020.5,1056,13,0,0
23.2,81.0,993.8,74,7,0,0
37.9,46.2,1009.8,1835,10,1,0
37.8,94.0,1006.1,3440,44,0,0
35.8,98.8,991.8,2958,63,0,1
33.9,41.0,995.2,3035,29,0,0
36.4,49.0,1009.8,3133,26,0,0
24.3,65.2,1015.9,2819,64,1,0
21.9,93.6,1015.5,3171,58,0,0
25.9,95.6,1015.7,3840,87,0,1
37.5,50.0,1014.4,329,71,1,0
22.2,99.6,994.1,3651,63,0,1
35.8,40.9,1006.3,3406,79,0,0
26.3,42.6,1015.5,3333,9,0,0
34.4,52.5,1004.3,3008,79,0,0
31.1,79.3,996.3,3421,50,0,0
37.1,49.0,1008.0,1142,46,0,0
34.6,56.6,1016.9,3169,95,0,0
29.2,84.4,1023.2,2446,98,1,1
24.6,68.6,995.7,2290,100,0,0
30.8,56.5,1007.3,3152,83,0,0
25.7,81.4,1002.4,866,91,1,1
38.0,58.8,1009.8,2680,24,0,0
37.4,71.6,1017.8,434,89,1,0
36.1,86.0,1004.4,782,32,0,1
29.3,87.1,995.7,1544,54,0,1
23.4,67.5,1013.3,363,99,0,0
24.8,49.9,1009.3,1377,99,0,0
32.0,49.6,997.9,2039,76,1,0
32.3,78.4,999.4,32,98,0,0
36.2,69.2,1021.6,2893,10,0,0
37.0,77.9,993.9,4037,29,0,0
34.5,77.2,1021.5,1756,40,0,0
36.4,47.5,1005.5,2572,76,1,0
24.8,63.1,1018.0,597,69,0,0
23.4,99.7,1004.8,2279,47,0,1
30.5,92.9,993.4,902,21,0,1
33.0,41.4,1012.9,1040,14,0,0
39.2,67.0,1023.8,2157,28,0,0
22.6,58.9,990.4,1741,55,0,0
31.4,79.6,1010.3,1352,55,0,0
24.0,99.3,1019.0,1689,38,1,1
30.7,82.4,1007.0,3603,69,0,0
30.4,66.0,1019.1,2499,98,0,0
21.4,62.6,1004.9,191,25,0,0
23.1,47.6,1012.6,3440,60,0,0
33.1,92.8,991.7,2344,35,0,1
22.0,65.4,1002.9,716,78,1,0
25.5,53.9,1003.6,2329,48,0,0
20.8,51.8,996.8,2571,30,0,1
38.1,45.9,1002.1,2769,89,0,0
29.4,99.9,1012.7,3636,84,0,1
28.0,76.7,1016.5,1421,99,0,0
35.0,51.1,1004.9,3564,93,1,1
34.9,97.8,1007.2,1282,4,0,1
27.3,92.1,999.4,994,83,1,1
23.0,58.0,1020.5,1989,44,1,0
36.4,77.5,1007.7,714,70,1,0
29.4,70.7,1017.6,3416,63,0,0
28.3,97.0,992.4,1807,95,1,1
23.9,65.1,1020.4,3508,86,1,1
21.4,90.4,996.0,1345,62,0,1
34.2,98.3,995.1,933,71,0,1
36.2,61.6,997.4,3831,37,0,0
33.1,56.6,1015.9,3128,82,0,0
33.9,44.0,1007.4,3303,26,1,0
37.8,63.1,1004.0,3652,90,0,0
25.0,66.1,1012.0,1932,0,0,0
25.2,76.7,1017.1,100,87,0,1
37.9,47.2,1022.3,3421,51,1,0
37.4,49.3,1013.8,3900,71,0,0
38.6,74.3,1014.4,275,98,1,1
37.2,85.2,1023.6,1864,19,1,0
25.6,58.2,994.7,2180,78,0,0
36.1,85.5,1011.6,1964,74,1,0
33.4,68.8,1004.8,1041,75,0,0
21.1,72.0,997.2,2313,31,0,0
30.7,54.9,1022.3,3150,27,1,0
25.4,43.5,998.1,2118,94,0,0
20.9,87.0,1023.2,2080,30,1,0
30.8,62.7,1008.6,3910,9,0,0
27.0,81.6,990.4,158,67,0,0
23.2,97.5,994.4,1876,39,0,1
29.0,55.2,1020.3,322,45,1,0
37.8,96.1,1019.8,103,64,1,1
34.7,81.0,1015.2,4066,33,1,0
23.9,53.5,1002.2,2030,56,0,1
24.6,57.6,1011.8,235,90,0,0
20.0,42.2,995.0,3239,18,1,0
21.6,83.8,1000.4,1726,83,1,1
33.5,75.6,1002.4,2224,5,0,1
28.5,63.5,1013.1,1430,55,1,0
40.0,81.6,1012.0,761,16,1,0
31.5,48.7,1017.5,2621,95,0,0
34.7,86.8,1014.0,454,37,0,1
28.1,57.4,1023.1,2473,92,0,0
29.6,90.4,992.0,2517,36,0,1
21.9,84.7,1002.2,340,67,0,0
26.3,52.1,1009.9,2394,70,0,0
28.2,63.4,1009.4,3214,46,1,0
30.9,81.2,1000.1,900,22,1,0
24.0,75.6,999.0,3775,48,1,0
30.4,92.7,1020.1,2261,53,0,0
34.7,66.3,1004.2,2985,47,0,0
39.6,51.3,1010.5,4071,43,0,0
29.1,57.4,1021.0,1291,59,1,0
37.6,47.5,1008.7,1582,79,1,0
21.1,83.7,1004.0,422,67,1,1
29.6,62.8,995.7,3962,91,1,1
30.2,44.1,991.4,2979,54,1,0
35.6,93.5,991.3,3955,87,1,1
22.3,83.6,1001.8,1081,65,0,0
39.8,78.9,1001.2,2192,17,1,0
21.8,78.8,991.4,1129,5,0,0
35.4,71.4,1010.0,2752,17,0,0
23.7,76.7,1022.3,152,90,1,0
24.9,91.3,990.3,2545,82,0,1
34.9,77.0,1011.3,962,73,1,0
22.0,51.8,1015.2,1586,5,0,0
32.0,48.1,1021.4,2935,47,0,0
23.5,97.8,991.6,1203,94,1,1
26.8,79.5,1014.1,127,23,0,0
40.0,40.2,1009.7,681,87,0,0
29.9,83.9,1012.3,2337,91,0,0
33.4,94.9,1006.7,3265,86,0,0
31.4,78.8,1023.1,1772,81,1,1
28.5,87.3,1001.7,854,54,0,1
28.4,97.0,1007.7,1530,41,0,1
32.2,63.7,1021.4,2735,41,0,0
35.8,77.3,1004.9,543,39,0,0
25.5,57.7,1009.8,1818,92,0,0
34.9,49.8,991.1,2821,64,0,0
29.3,99.0,1014.4,759,86,0,1
22.3,53.8,1011.4,1545,24,1,1
35.5,80.0,1014.1,1376,11,1,0
29.4,75.6,1007.0,3682,52,0,0
32.1,65.2,1023.9,3807,74,1,1
39.6,48.7,1010.6,3251,13,0,0
24.5,57.2,994.5,216,20,0,0
21.8,78.0,1001.4,3523,17,1,0
27.9,52.4,995.3,833,99,1,1
21.1,74.2,999.6,3627,65,0,0
20.8,56.3,999.5,4075,2,0,0
36.4,98.5,1014.0,1045,5,1,1
32.1,86.0,1023.4,2155,91,0,0
26.7,55.7,1012.5,1473,41,0,0
31.6,71.2,993.7,2524,86,1,1
37.9,58.4,995.9,1404,25,0,0
39.0,63.0,1000.3,480,13,0,0
26.3,49.5,1009.7,2570,61,0,0
35.1,59.5,1022.0,3289,56,0,0
30.2,47.2,1004.7,3404,44,0,0
27.5,83.0,991.0,1230,82,0,0
37.0,85.6,1001.6,3302,11,0,1
35.0,75.6,999.7,714,34,0,0
22.1,76.9,1024.9,1250,15,0,0
35.8,49.6,1020.2,3303,30,0,0
26.1,79.5,999.0,986,60,1,0
20.8,70.6,1006.0,3019,6,0,0
21.2,65.4,993.4,2138,8,1,0
33.9,92.0,1019.8,4004,34,0,0
22.0,51.1,1006.6,712,17,0,0
33.8,66.2,1015.4,2010,44,0,0
27.6,47.1,1010.9,2575,10,0,0
30.7,96.8,998.6,1838,39,1,1
31.7,79.3,1004.2,1906,63,0,0
23.8,90.8,1019.1,3630,91,0,0
34.2,62.3,1016.9,828,96,0,0
37.5,49.2,993.6,3789,61,0,0
29.6,85.0,1004.1,3519,1,1,0
26.0,65.3,1023.6,1597,94,1,1
33.9,72.3,1009.4,4080,70,1,0
21.8,76.9,1001.2,2324,5,1,0
34.9,49.7,1018.9,3932,53,0,0
27.6,88.2,1007.5,1199,69,1,0
22.3,40.5,1017.1,2520,70,0,0
36.2,60.4,1024.3,2863,53,0,0
25.8,58.5,997.7,142,26,0,0
30.9,83.1,1017.9,1755,65,1,0
37.4,44.5,999.9,2026,44,1,0
35.4,87.8,1001.3,30,72,0,1
35.4,40.4,993.2,3098,31,0,0
37.7,91.0,993.8,1084,27,0,1
27.5,44.4,990.3,1326,33,0,0
38.1,71.5,1010.6,511,46,0,0
23.9,90.7,995.7,1670,57,1,1
24.0,50.6,1024.1,791,85,1,1
33.6,40.8,998.7,1840,21,0,0
38.1,80.9,1024.3,3493,43,0,0
24.2,44.4,1005.7,2831,31,1,0
35.6,91.1,991.6,3578,46,0,1
27.3,68.7,998.9,3343,67,0,0
32.9,54.0,1018.7,805,41,1,0
37.3,98.2,991.1,1081,98,0,1
36.2,47.5,1011.4,3944,76,0,0
24.8,75.2,998.8,2436,2,0,0
33.4,72.9,1024.0,2319,11,0,0
28.0,72.0,1015.2,825,61,0,0
38.7,79.8,1013.9,1623,44,0,0
33.3,40.9,1018.0,3936,57,0,0
26.1,64.6,1009.0,3635,22,0,0
34.6,62.6,1024.0,3608,30,0,0
28.1,63.7,1010.3,344,70,0,0
35.1,71.3,1015.8,2769,26,0,0
39.1,64.4,990.3,2218,87,0,0
26.0,73.7,991.3,3140,27,0,1
36.6,57.1,1021.1,558,84,0,0
30.5,90.4,1023.1,624,51,0,0
20.3,74.4,1010.5,785,34,0,0
38.8,48.1,1022.9,1125,72,1,0
31.8,50.6,1002.0,560,42,0,1
23.8,85.3,997.4,3914,17,0,1
32.5,84.3,1014.1,2024,73,1,1
21.4,88.2,1008.6,622,24,0,0
24.1,85.8,997.7,1901,11,0,1
22.2,64.0,1020.6,2084,13,0,0
37.2,69.1,1014.5,4094,81,0,0
29.2,64.3,995.5,3352,100,0,0
33.2,61.7,998.3,1339,35,0,0
26.1,68.7,1006.1,587,28,1,0
32.9,41.2,994.8,1652,66,1,0
36.7,84.2,1013.2,2131,43,0,0
32.9,83.4,1005.9,66,57,1,0
27.9,54.0,1010.0,224,66,0,0
30.5,89.0,1000.7,3539,91,0,1
38.4,76.2,1024.8,3618,47,1,0
29.4,65.3,1004.4,3733,62,0,0
23.6,52.8,1009.7,1990,84,1,1
30.3,66.1,991.3,111,32,0,0
25.0,46.3,992.2,1511,35,0,0
28.2,73.5,1001.4,157,40,0,0
39.3,52.6,1020.7,2060,61,1,0
21.7,47.1,1017.7,706,9,0,0
21.2,82.3,997.2,2596,91,0,0
25.5,84.3,1013.7,3739,52,0,0
22.9,50.7,1023.2,2302,33,0,0
34.1,64.9,1023.7,3402,49,0,0
35.1,81.3,990.0,76,8,0,0
21.6,70.7,992.3,3440,21,0,0
33.0,88.7,993.7,3625,40,0,1
31.9,77.8,998.9,1334,94,0,0
38.3,89.0,1007.3,1668,83,1,1
30.1,89.4,994.2,2440,81,1,1
29.7,62.6,996.6,2144,15,0,0
20.0,72.5,997.9,1957,31,1,0
24.9,71.6,1019.4,647,27,1,0
20.5,87.6,1009.7,416,37,0,0
33.5,98.8,990.4,740,44,0,1
37.7,48.6,1014.2,3186,74,0,0
38.7,60.5,1016.1,2028,43,0,0
35.1,56.1,1015.0,1094,96,0,0
28.3,80.2,1012.8,689,11,1,0
36.4,80.2,995.0,1014,47,0,0
34.6,74.2,998.7,4075,88,1,1
26.8,65.3,1006.6,376,51,1,0
29.5,78.2,997.3,900,97,0,0
26.1,66.5,998.8,1382,79,0,0
27.4,67.9,1017.4,2822,77,1,0
27.0,75.7,991.4,1166,20,0,0
39.6,40.5,1019.8,1926,54,0,0
21.3,47.0,1005.8,546,70,0,0
25.7,89.4,991.5,998,39,0,1
20.7,96.1,1005.6,2400,86,1,1
23.7,40.4,1015.9,3782,47,0,0
30.3,41.2,999.2,3836,74,0,0
38.9,87.3,1002.3,1971,99,1,1
24.4,77.0,1015.3,1223,28,0,0
31.7,72.6,1006.2,1783,40,0,0
30.2,68.6,991.7,295,83,0,0
21.8,71.9,1003.6,3369,69,1,0
31.5,70.5,1011.9,2672,93,0,0
22.3,67.2,992.1,1433,78,0,0
39.9,60.9,1010.0,2591,98,0,0
23.2,64.0,1016.6,164,48,0,0
36.2,99.0,1008.4,2013,11,0,1
36.8,89.8,1009.1,2430,70,0,0
28.4,42.4,1021.0,2075,26,0,0
37.9,59.5,993.5,3897,4,0,1
34.6,59.4,990.1,1847,66,0,0
35.0,72.6,1008.9,628,54,1,0
21.2,42.7,1001.3,1967,67,0,0
22.4,78.7,1010.5,1202,35,1,0
36.6,85.7,1015.1,2484,9,0,0
23.2,60.7,1002.2,3348,20,0,0
29.6,55.3,1013.0,1995,53,0,0
23.9,51.0,1011.4,3540,23,0,0
29.6,94.3,1017.7,833,53,0,0
29.6,98.6,1021.6,3709,33,0,1
38.0,64.3,995.3,2049,21,0,0
25.3,45.3,1006.6,3408,34,0,0
28.5,87.6,992.1,1983,75,0,1
29.7,75.1,992.7,1670,6,0,1
34.1,66.1,1016.2,3203,4,0,0
32.6,42.7,1013.4,2531,19,1,0
33.7,88.6,1012.1,2033,53,0,1
28.3,56.9,1022.0,1861,5,0,0
33.1,88.9,1002.0,373,15,0,1
23.9,51.9,997.8,93,2,0,0
21.6,80.5,994.9,1283,95,0,0
20.3,85.8,999.7,1000,13,0,1
30.7,73.2,1001.7,3375,77,0,0
37.5,92.3,997.9,827,54,1,1
21.6,83.9,993.9,2289,34,1,0
26.6,67.0,996.8,2115,83,0,0
25.8,72.5,1020.3,2848,5,0,0
38.3,67.7,1002.2,2605,97,0,0
30.2,67.6,1013.5,23,8,1,0
22.0,43.1,996.4,1903,53,0,0
20.0,97.0,1022.4,3112,31,1,1
36.2,88.4,1005.8,1800,24,0,0
37.7,93.1,1014.8,2428,43,1,0
35.0,93.9,1013.0,3347,93,0,0
33.0,65.4,1012.9,2495,30,0,0
31.4,79.4,1012.6,2303,97,0,0
25.1,69.5,990.4,3378,54,0,0
33.3,78.0,1000.0,2287,28,1,0
31.7,44.7,1009.8,3477,80,0,0
30.8,43.6,994.8,1141,11,0,0
32.5,61.5,1023.3,251,64,0,0
36.8,76.3,1001.2,304,48,0,0
39.2,88.0,995.1,3274,24,1,1
28.6,94.9,990.9,3214,81,1,1
21.8,42.6,1008.5,3979,47,0,0
35.5,83.8,997.0,1335,58,0,0
28.8,83.6,991.9,2468,3,0,0
24.8,49.0,1015.5,1193,8,0,0
25.4,93.7,1003.9,3916,98,1,1
26.0,86.5,1001.2,1871,39,0,1
25.8,41.4,994.0,1369,98,0,0
20.4,44.3,1006.9,40,13,0,0
32.4,85.8,1022.7,3042,48,1,0
38.2,56.9,1003.6,568,94,0,1
21.2,76.9,1015.4,669,5,0,0
32.9,69.4,1019.5,476,63,0,0
26.2,62.5,1008.8,689,45,0,0
28.8,41.7,992.7,3073,59,1,0
31.1,48.7,1006.8,3053,37,0,0
20.9,57.7,999.5,2686,4,1,0
39.6,79.5,1011.4,4078,59,0,0
26.7,85.1,995.7,997,62,0,1
31.4,56.3,1012.2,445,98,1,1
21.9,49.1,1006.9,1479,99,1,1
35.6,56.2,994.6,255,13,0,0
33.1,68.4,1021.5,2441,60,1,0
20.8,85.3,995.9,3005,43,1,1
25.5,74.0,1008.9,3600,91,0,0
22.1,42.5,1011.1,909,5,0,0
34.0,98.6,1021.2,3449,22,0,1
39.9,49.6,992.1,1545,62,1,0
24.2,73.7,1019.4,1785,48,1,0
39.7,54.9,994.1,4045,49,0,0
33.9,61.7,1024.9,3145,64,0,0
31.8,45.0,1018.7,3419,62,1,0
25.3,42.4,1024.8,2240,42,1,0
23.3,57.8,1015.0,451,35,0,0
31.0,74.1,991.9,688,70,0,0
22.8,92.3,992.1,3360,86,0,0
27.6,75.7,1005.1,2860,32,0,1
33.3,61.6,1008.3,860,64,0,0
31.0,64.1,1017.9,3419,63,1,0
28.2,63.4,1022.7,2148,76,1,0
37.0,57.2,997.1,2065,46,0,0
21.9,58.5,1012.2,2320,44,0,0
31.9,41.3,991.3,970,32,1,0
36.7,94.9,1007.5,811,67,1,0
34.6,97.2,1005.8,1105,46,0,1
25.2,47.8,1018.4,3801,58,0,0
33.3,94.7,1019.6,2247,83,0,0
32.4,41.3,1003.0,1909,62,1,0
36.2,75.6,994.7,336,4,0,0
21.7,90.3,1019.8,2360,91,1,1
38.7,45.9,1013.0,2507,19,0,0
27.5,92.4,1004.3,2968,16,1,1
26.5,71.1,1023.5,1085,57,1,0
23.8,65.8,1020.0,4067,96,0,0
34.0,82.3,1006.1,3184,9,0,0
20.1,45.9,1002.5,1076,59,0,0
25.2,69.5,1024.4,2715,33,1,0
32.5,77.3,1015.8,2392,53,0,1
22.9,46.8,1011.3,1150,74,1,0
31.9,54.6,1008.8,2257,79,0,0
22.5,71.3,999.9,2113,49,0,0
25.4,79.4,1018.8,1715,82,0,0
26.8,86.1,998.9,1810,4,0,1
20.6,46.9,993.1,1349,44,0,0
21.0,83.4,1001.0,510,93,0,0
23.7,40.2,1019.0,2149,90,1,0
35.4,54.9,999.8,3577,3,1,0
30.4,63.2,1003.4,2216,78,0,0
36.8,60.0,1011.7,1676,65,1,0
39.4,71.2,996.5,365,43,0,0
27.1,55.0,1006.9,3103,87,1,1
26.2,71.8,1022.5,3044,51,1,0
26.1,73.1,1012.5,3766,63,0,0
26.1,61.9,1002.7,2424,39,0,0
28.2,57.1,1019.8,2983,79,0,0
38.4,87.4,994.9,363,93,0,0
21.0,68.1,998.0,1637,95,1,1
33.0,41.1,1001.8,1365,98,1,1
27.8,66.4,993.5,2999,15,0,0
31.2,42.5,1003.3,2885,80,0,0
36.7,58.1,1016.1,3981,18,0,0
31.6,46.9,1008.4,2394,10,0,0
32.0,59.4,993.1,2796,91,0,1
25.0,88.7,993.0,2694,88,1,1
40.0,67.9,1013.5,1442,28,0,0
25.4,72.1,994.5,2560,81,0,0
30.2,42.9,1019.0,2288,4,0,0
25.0,54.8,1005.1,1779,56,1,0
29.1,50.7,1008.8,661,50,1,0
32.5,86.2,1013.7,863,33,0,0
26.4,84.4,1014.2,4061,96,1,1
31.5,84.4,1010.5,1908,69,1,0
32.6,64.5,1023.8,221,47,0,0
24.8,81.9,1024.3,1636,61,1,0
27.4,54.1,994.8,4072,69,0,0
37.3,72.9,1016.0,2553,78,0,0
33.6,76.2,998.6,3290,10,0,0
20.8,42.8,999.6,268,80,1,1
38.2,65.1,1023.6,3648,100,1,1
36.8,53.7,1023.5,2170,7,0,0
29.1,84.6,1007.3,677,25,0,1
31.9,51.0,1018.0,1501,2,0,0
26.6,85.7,1017.9,3569,6,0,0
29.0,89.2,1018.7,2160,0,0,0
30.0,58.0,1017.4,2393,32,0,0
26.1,99.7,1015.5,2841,22,0,1
24.0,80.3,1019.9,808,64,1,0
37.3,86.3,1003.5,2256,52,0,1
37.9,66.7,1013.6,3119,95,0,0
25.4,89.6,995.1,2650,93,1,0
30.2,59.5,1005.7,2296,16,1,0
34.5,41.7,1022.7,3606,58,0,0
26.9,91.6,1000.4,3652,43,1,1
21.6,47.5,1020.9,3975,36,0,0
28.3,58.6,1009.5,1988,63,1,0
34.2,77.1,1015.5,3532,45,0,0
36.4,65.6,999.3,1333,19,0,0
37.4,63.6,1001.7,202,39,0,0
38.3,43.3,1021.7,3124,80,0,0
39.4,90.5,1021.6,855,69,0,0
34.3,43.7,1016.6,3421,88,1,1
38.8,41.7,1017.0,3116,51,0,0
25.2,98.0,1002.3,1352,70,0,1
25.3,60.0,1015.2,173,56,0,1
38.4,61.0,999.5,1461,62,0,0
28.6,65.4,1022.2,2297,18,1,0
39.1,85.8,1024.4,2362,84,0,0
39.7,52.1,1023.1,1432,1,0,0
22.8,65.0,1008.0,932,99,0,0
35.9,91.6,994.4,528,96,0,1
23.3,41.6,993.0,3029,19,0,0
22.7,42.8,992.6,2074,77,1,0
25.1,53.3,1004.8,2227,56,0,0
28.2,66.7,993.9,924,32,0,0
31.4,44.6,992.4,1266,60,1,0
23.4,52.0,996.3,3811,21,0,0
26.2,62.3,1011.3,951,23,0,0
28.6,65.6,1022.5,3669,52,1,0
27.9,88.8,991.1,1903,98,0,0
35.3,57.6,1016.8,2629,41,0,0
36.0,47.2,1009.3,2113,8,0,0
27.5,68.3,998.0,3603,21,0,0
30.4,71.4,1007.4,3432,90,1,1
31.6,87.2,1020.4,1072,75,0,0
23.9,53.0,992.9,4046,85,0,0
22.5,93.1,996.6,542,0,0,1
30.8,95.1,1007.5,2099,96,0,1
21.4,69.1,1021.1,1643,7,0,0
26.3,44.8,1023.1,71,59,0,0
37.7,67.5,993.9,196,35,1,0
37.6,59.3,1004.3,194,59,1,1
31.0,73.7,1010.5,2051,76,1,0
34.2,62.4,996.9,49,26,0,0
31.3,47.2,991.2,3943,71,1,0
31.7,42.3,1011.3,246,53,1,0
31.9,65.6,1008.8,2945,43,0,0
31.3,61.2,1000.5,1913,55,1,0
39.1,73.8,1020.6,1026,30,0,0
40.0,56.4,1007.9,2217,64,0,0
36.3,90.5,1014.6,2892,79,1,0
28.2,97.5,1013.2,2249,64,0,1
34.2,58.0,994.4,80,4,0,0
35.6,68.6,1019.7,1397,6,1,0
30.1,91.9,1002.5,1152,66,0,1
35.9,58.9,995.4,2721,6,0,0
39.5,44.6,1014.0,2029,52,0,0
24.0,69.3,1021.6,3251,53,0,0
24.6,56.4,1001.2,2548,65,0,0
33.1,54.2,1001.8,3949,0,1,0
25.9,43.0,1013.2,3526,7,0,0
22.4,66.8,1005.8,4033,93,0,0
29.8,47.6,1019.0,544,64,0,0
28.9,71.4,996.3,3515,16,0,0
39.9,68.2,1025.0,465,44,0,0
25.4,84.2,999.6,539,34,0,0
39.9,85.0,1003.5,648,2,0,0
21.3,54.5,1016.3,2061,36,0,0
21.5,64.1,994.4,2422,88,0,0
39.3,82.5,1000.7,375,30,0,0
36.6,99.2,992.4,1504,47,0,1
28.1,99.4,992.0,1751,77,0,1
32.8,79.4,1002.6,1134,17,1,0
33.2,43.2,1016.6,1580,3,0,0
25.5,86.7,1011.5,3687,24,1,0
21.7,54.6,999.1,3064,13,1,1
34.3,62.2,1021.4,1846,18,0,0
27.9,84.4,996.7,2751,56,1,0
39.7,69.6,1010.9,574,87,1,0
27.2,45.2,1024.8,2444,97,0,0
24.4,80.4,1000.7,3779,12,0,0
34.4,59.0,1012.9,322,17,0,0
32.5,74.0,1011.6,2338,5,1,0
36.0,71.6,994.4,3217,64,1,0
26.6,81.8,1002.6,1719,82,0,0
38.8,58.4,1010.2,175,16,1,0
34.7,65.2,1015.6,2751,12,0,0
25.8,86.7,1021.2,2644,56,0,0
34.4,52.1,1022.1,215,58,1,0
23.1,69.6,993.1,221,47,0,0
24.0,40.0,996.7,806,9,0,0
32.3,93.7,1002.8,3913,32,0,1
25.3,53.9,1015.5,3246,38,1,0
20.8,91.0,1020.3,3834,86,0,0
25.7,51.5,1020.7,823,10,0,0
23.7,44.2,1005.3,1851,41,0,0
39.3,58.0,1018.5,3712,55,1,0
30.8,43.7,1005.6,3454,65,0,0
34.6,73.2,1015.6,1187,60,1,0
21.8,68.9,1023.0,951,98,1,1
21.4,40.6,1014.1,186,8,0,0
38.6,53.3,999.0,1451,95,0,0
36.8,52.3,1003.7,3164,61,0,0
36.8,57.4,1007.8,260,44,0,0
28.7,50.7,1015.9,564,23,0,0
29.4,52.4,1023.9,59,75,0,1
33.7,77.2,1010.6,3391,62,1,0
22.5,69.6,997.6,1027,55,1,0
33.6,42.2,1023.1,1589,75,1,1
27.3,63.6,991.8,755,46,0,1
37.8,78.3,1006.2,2914,98,0,1
25.3,51.3,1009.7,1834,96,1,1
33.6,94.0,1019.7,96,53,1,0
32.5,82.5,1023.1,2858,19,0,1
26.0,75.6,1020.0,1127,74,0,0
39.6,71.3,1022.0,1947,83,1,1
22.4,87.6,990.4,112,28,0,1
25.0,68.4,1023.3,108,24,0,0
20.5,66.5,1013.4,3066,41,1,0
35.9,40.5,992.9,160,77,0,0
25.5,44.9,1006.8,2730,24,0,0
34.7,84.4,992.9,567,98,0,0
26.2,89.6,1000.1,1725,24,0,1
31.0,77.7,1015.1,2616,64,1,0
33.5,68.0,1024.8,3770,41,0,0
32.5,88.2,993.9,2490,75,1,1
39.1,93.5,1002.9,938,27,0,1
21.5,79.0,990.0,25,60,0,0
37.7,50.0,1017.7,3867,72,0,0
32.2,51.0,991.7,1842,100,0,1
32.4,76.2,1011.2,631,18,1,0
27.2,90.9,994.0,1122,90,0,0
26.4,45.0,1013.2,3492,45,0,0
29.8,88.9,1010.2,2389,0,0,0
37.6,87.0,1015.8,1109,28,0,0
25.5,94.4,1015.2,1372,38,0,0
22.1,49.5,993.2,2518,60,0,0
24.4,46.7,1013.5,1708,0,1,0
24.1,54.9,1009.7,1388,77,0,0
34.4,73.4,1012.0,2137,46,0,0
23.6,47.7,1008.8,1610,43,0,0
36.6,41.4,1011.8,40,90,0,0
26.1,53.8,996.1,2927,34,0,0
35.3,74.0,1002.7,346,9,1,0
23.6,84.1,1000.1,2135,87,1,1
26.6,90.0,1013.3,3860,36,0,0
21.0,50.5,1001.5,483,62,1,0
29.6,52.2,1009.5,2815,71,1,0
33.2,63.6,1023.7,2974,55,0,0
27.2,54.4,1017.2,1927,19,1,0
38.4,44.7,994.8,2999,51,0,0
39.0,46.5,1017.2,3402,57,0,0
35.6,82.3,1011.9,207,100,0,0
29.9,80.1,991.0,892,74,0,0
26.0,47.9,1003.9,3429,73,0,0
29.7,68.5,1013.3,192,27,0,0
20.4,86.5,1001.2,345,82,0,1
36.4,73.5,1015.0,487,76,0,0
33.1,89.2,993.4,2247,17,0,1
21.9,56.3,1018.9,3710,55,0,0
26.1,80.7,1022.6,3401,12,0,0
24.3,43.2,1023.1,2660,37,0,1
31.6,78.4,1013.8,3446,54,0,1
33.3,47.7,1003.7,1899,6,0,0
38.2,40.0,998.7,548,69,0,0
27.7,42.1,1020.6,3801,39,0,0
35.3,94.1,1013.6,4094,58,1,1
35.1,95.4,1009.3,1501,18,0,1
26.9,79.7,1003.1,2528,80,0,0
24.9,54.6,1000.3,1591,48,0,0
26.2,93.6,998.2,3950,0,1,1
38.9,46.7,1023.5,1346,1,0,0
27.6,74.2,1005.2,1851,58,0,0
25.8,94.1,1022.4,1717,86,0,0
24.7,91.6,1001.0,1699,84,0,1
21.3,60.7,1013.2,1939,78,0,0
23.7,76.1,1008.1,2105,70,0,0
25.7,44.5,1021.4,2924,72,1,0
23.4,86.4,999.5,1680,29,0,1
25.9,70.0,1023.1,48,86,0,0
22.2,75.2,1012.7,2182,99,0,0
31.6,50.3,999.2,687,88,0,0
33.2,83.4,998.6,835,50,0,0
38.8,43.8,1003.1,1414,43,1,0
22.4,46.1,1016.6,3681,61,1,0
38.3,67.5,1004.3,3959,69,0,0
27.6,41.0,1001.8,3352,72,0,0
37.0,48.3,1011.1,149,52,0,0
37.3,93.3,993.1,1983,36,0,1
21.3,84.7,1005.5,3679,15,0,0
38.1,73.1,1021.2,3320,65,1,0
20.1,66.1,1013.4,1913,17,0,0
24.5,58.8,1024.2,224,53,1,0
21.4,43.8,997.9,914,83,0,0
36.8,49.1,1003.7,1423,82,1,0
24.1,51.4,992.0,2571,76,0,0
29.8,87.3,1014.7,1808,70,0,0
23.5,50.2,1020.6,2392,56,0,0
38.7,42.9,1022.5,3035,94,0,0
28.9,89.6,995.9,3744,81,1,1
35.5,66.2,1008.7,3176,10,0,0
26.1,70.4,1012.4,1259,99,1,1
38.1,87.9,994.0,1807,77,0,1
20.8,75.0,1004.4,775,53,1,1
32.8,53.5,1020.2,1787,28,1,0
34.7,72.0,1003.7,2703,49,1,0
20.1,69.6,1012.4,3238,33,1,0
24.9,57.8,997.0,3854,55,0,0
35.8,41.9,991.4,2235,73,1,0
38.2,55.5,995.9,3916,32,0,0
31.1,46.8,1023.7,3550,72,1,0
27.3,66.3,1009.3,3501,21,1,0
30.4,75.5,1021.1,1628,27,0,0
23.3,68.1,991.9,2478,2,0,0
32.0,71.1,1009.4,420,74,1,0
29.2,80.6,1001.8,2832,37,0,0
24.6,45.4,997.2,3711,49,1,0
36.6,98.3,1005.1,485,38,0,1
31.7,78.6,1015.9,2252,1,0,0
32.6,40.6,1008.8,66,67,0,0
23.6,72.2,1005.7,3227,67,0,0
38.5,78.8,1012.6,1521,24,1,0
30.9,83.4,1005.7,1529,86,0,0
32.6,63.1,991.0,1533,51,1,0
23.3,94.4,1013.8,3127,32,0,0
31.4,79.5,1018.3,203,38,0,0
35.0,54.5,1009.2,423,86,0,0
23.8,91.1,998.6,3591,98,1,1
25.5,63.9,994.0,533,72,0,0
37.0,78.4,995.5,3679,77,1,0
26.5,97.1,995.5,2387,19,0,1
33.6,40.7,998.4,3086,64,0,0
26.7,97.3,995.5,745,30,1,1
27.0,44.5,1019.2,1907,93,0,0
24.7,55.0,1021.8,898,53,1,0
31.8,88.6,999.4,58,6,0,1
31.5,86.7,1016.2,1810,18,1,0
37.0,48.8,1010.5,3017,45,0,1
26.8,83.9,1023.9,3196,47,0,0
28.4,56.4,1002.9,3713,100,0,0
32.3,59.0,1023.4,1848,31,1,0
28.3,66.3,992.8,2193,35,0,0
30.6,45.2,993.4,561,23,0,0
27.8,96.2,998.5,317,21,0,1
36.2,95.5,1009.9,1538,0,0,1
34.1,57.2,998.1,2146,78,1,0
23.0,76.6,1014.5,2103,82,0,0
34.3,80.5,993.5,1936,68,1,0
27.7,82.5,997.7,102,82,1,1
37.9,99.5,991.0,4024,93,0,1
39.3,52.5,1018.9,2050,33,1,0
29.7,83.6,1000.1,1401,86,0,0
24.8,74.6,1016.9,888,12,0,0
23.3,54.1,1004.6,1936,13,1,0
36.7,61.6,1001.1,1853,48,0,0
26.2,83.8,1004.0,2170,61,1,0
31.9,96.9,1016.3,3162,5,0,1
23.3,41.6,1020.0,735,88,0,0
29.5,55.5,1009.8,1822,3,0,0
24.2,86.4,1001.6,1789,69,0,1
35.2,74.8,1017.6,2802,45,0,0
23.6,96.5,1006.9,1336,31,1,1
23.9,98.3,994.4,2748,40,0,1
37.0,83.0,994.6,387,55,0,0
39.7,76.2,999.1,2507,67,1,0
23.1,89.5,1008.2,2280,72,0,0
25.9,40.4,992.5,224,52,0,0
25.5,73.8,992.7,250,29,0,0
36.6,52.1,1012.4,823,41,0,0
21.4,59.6,1024.5,3096,79,0,0
20.9,87.4,1002.1,2526,90,0,1
22.5,96.7,1013.1,493,70,0,1
25.2,83.7,1017.6,3985,36,1,0
29.0,78.1,1007.2,3766,11,0,0
39.4,84.8,992.8,3473,69,0,0
20.1,76.8,995.0,974,26,0,0
39.4,64.3,1016.2,298,75,0,0
32.4,75.0,1003.9,1094,6,1,0
37.2,58.4,1023.4,2887,22,0,0
34.6,66.3,1017.1,3688,72,1,0
23.9,81.5,1024.0,434,77,0,0
39.8,54.7,994.6,2137,60,0,0
29.6,54.7,1022.4,3991,76,1,0
31.4,92.1,1013.8,1853,83,0,1
30.3,43.9,1009.8,2742,42,0,0
36.0,43.8,996.3,2002,77,0,0
21.3,53.9,1008.1,3317,94,0,0
28.1,42.4,1005.1,3640,16,0,0
28.2,62.5,990.4,2549,35,1,0
39.5,67.8,1003.7,1266,37,0,0
27.1,70.3,1008.5,2211,33,0,0
28.6,52.2,1019.6,2773,13,0,0
30.6,85.5,1005.8,346,13,0,0
28.1,76.4,1021.3,1845,29,0,0
33.8,80.8,1020.8,3021,83,0,0
34.6,59.0,1003.9,2366,36,0,0
37.3,44.0,996.9,2957,53,0,0
35.5,68.6,1016.0,2223,28,1,0
39.9,72.7,1008.1,3920,44,1,0
23.7,54.5,1000.9,1087,40,0,0
27.5,77.1,999.7,2032,97,0,0
28.9,89.3,991.5,1175,15,0,0
37.1,52.2,1016.7,2056,35,0,0
39.3,69.6,1022.5,1840,30,0,0
39.9,55.0,1024.0,1081,65,0,0
24.4,50.8,1013.2,2458,54,0,0
32.6,82.8,1017.9,3951,67,0,0
34.1,59.2,1016.5,870,99,0,0
25.1,57.0,1016.4,1585,7,0,0
21.6,82.5,997.4,2958,2,0,0
21.2,79.2,1021.1,72,26,0,1
37.3,45.8,1003.9,2327,13,0,0
24.9,42.1,1002.4,674,19,0,0
21.2,81.8,1001.6,1450,1,0,0
33.1,80.1,999.0,555,94,0,1
21.1,40.2,1010.0,712,34,0,0
21.5,94.4,996.5,997,51,0,1
38.9,42.7,1003.3,140,34,1,0
29.9,45.9,1005.5,1999,10,0,0
37.8,98.2,994.9,2377,36,0,1
23.4,61.1,1003.8,2835,4,0,0
20.6,83.4,1020.2,1711,42,1,0
39.9,52.6,1016.5,991,88,0,0
24.9,97.0,1005.3,2455,51,0,1
26.2,82.4,1010.1,1023,69,0,0
28.3,42.6,997.2,2174,28,1,0
39.4,78.1,1007.4,3829,92,1,1
39.3,41.9,1019.9,1956,13,0,0
39.8,81.9,1018.1,3000,42,0,0
28.7,79.4,998.6,2452,53,1,0
27.3,81.0,1001.0,3838,46,0,0
28.4,46.0,997.8,3687,45,1,0
37.9,98.4,1006.7,3539,24,0,1
20.1,94.6,1024.9,697,30,1,0
39.0,40.8,993.0,765,25,0,0
26.9,91.0,1024.0,3725,65,1,0
22.7,40.3,1004.7,1340,96,0,0
29.7,75.4,1005.9,1221,75,1,0
28.1,51.7,998.9,3268,92,0,1
38.7,85.3,998.3,3337,9,1,1
36.6,66.6,1007.0,3463,32,0,0
34.7,73.5,1006.2,3758,80,0,0
25.6,41.9,1000.9,2537,34,0,0
26.6,92.0,1017.8,1793,42,0,1
20.2,70.1,1013.9,1629,93,1,1
37.3,69.7,998.0,1804,12,1,0
34.0,58.9,1005.7,1050,12,1,0
22.3,81.3,1004.5,1857,10,0,1
28.5,66.6,1020.3,3647,63,1,0
30.7,47.8,999.6,1648,58,0,0
34.7,73.7,1014.2,3215,80,0,0
31.0,45.0,1014.9,398,80,1,0
34.5,86.6,1004.3,2145,43,0,1
20.3,44.3,1019.2,2664,56,0,0
34.9,80.9,1022.3,1267,17,0,0
39.2,79.5,1021.2,2636,76,0,0
31.7,40.4,1021.9,1682,51,0,0
30.3,91.9,1024.8,1685,88,1,1
26.8,65.4,1019.5,1818,51,1,0
31.3,86.1,1005.6,322,72,1,0
22.9,90.3,994.1,1455,47,0,1
23.6,92.7,1020.2,2119,21,1,0
26.2,69.8,996.9,473,82,0,0
21.9,47.9,1012.7,1654,27,0,0
32.9,98.7,999.7,2137,32,0,1
24.8,57.3,1004.9,3713,87,0,0
39.3,74.6,991.5,1087,1,0,0
30.3,88.3,993.4,2212,46,0,1
25.4,70.9,994.0,2617,27,0,1
35.2,61.2,1023.6,2511,48,1,0
23.5,50.0,1010.5,3433,98,0,0
29.3,82.9,1015.3,3493,39,1,0
34.1,58.1,1023.1,1560,30,1,0
21.4,50.7,1019.0,2530,21,0,0
25.3,61.6,1003.9,1066,12,0,0
35.4,61.8,1021.8,2834,38,1,0
37.9,84.8,993.8,2571,83,1,1
35.1,66.2,1022.5,1804,14,0,0
25.7,59.7,1024.1,4079,34,0,0
39.9,91.2,1004.8,1865,51,0,1
25.0,87.0,994.2,1986,19,0,1
20.7,70.0,1006.6,1162,56,0,0
26.2,65.8,1009.3,3598,21,1,0
23.8,51.5,991.1,323,9,0,0
38.9,78.2,1006.9,1827,45,1,1
27.0,70.2,1015.7,564,5,1,0
37.5,79.2,1022.1,2691,54,0,0
26.3,71.7,1002.9,2893,88,0,0
27.0,47.7,1003.5,3239,29,1,0
31.5,84.5,1011.4,1560,55,1,0
37.9,79.9,1016.3,2451,46,0,0
27.1,84.3,1009.3,1291,82,0,0
22.5,97.1,1015.0,2359,53,0,1
37.6,80.1,997.8,1065,92,0,0
30.8,60.0,1008.9,3537,56,0,0
23.8,90.9,1005.1,213,53,0,0
39.9,48.2,1015.9,3470,70,0,0
38.6,72.5,995.1,3840,90,0,0
33.6,86.2,992.8,199,82,0,1
38.9,92.7,1002.9,45,25,0,1
25.4,81.4,1006.1,2084,18,0,0
38.4,95.0,990.1,1257,34,0,1
37.0,43.4,1017.2,2362,94,1,1
30.8,59.7,1004.8,3737,31,0,0
39.2,82.8,1004.6,141,21,0,0
37.0,54.1,991.3,2531,94,0,0
31.6,57.1,995.8,25,33,1,0
25.7,65.0,1015.2,648,69,0,0
37.3,78.7,1018.7,3171,60,0,0
27.0,60.6,1022.3,3875,12,0,0
31.9,49.0,1000.4,3566,50,0,0
34.3,57.8,1002.6,441,30,0,0
34.4,69.8,1020.9,2071,58,0,0
34.8,75.4,1013.2,2907,71,0,0
21.6,83.1,1010.8,203,51,0,0
21.1,46.2,997.9,2433,61,1,0
26.4,68.5,1018.7,2057,52,0,0
34.5,42.8,1013.7,1493,52,0,0
29.4,46.7,1002.4,876,80,0,0
36.8,62.4,1010.2,3165,100,0,0
20.2,78.9,998.8,4030,72,0,0
36.2,81.0,1006.0,2440,67,0,0
27.8,85.4,1005.6,103,81,0,0
21.7,49.3,1023.8,1293,44,0,0
38.0,53.9,1002.2,1078,43,0,0
29.8,44.1,1018.7,3734,38,0,0
22.5,96.0,990.1,2206,88,0,1
31.6,76.1,1001.0,1001,70,0,0
21.4,63.5,1012.1,2811,15,0,0
30.4,61.3,1023.6,1385,36,0,0
31.8,40.4,1021.1,286,99,1,1
25.8,63.4,1009.4,3541,11,1,0
39.7,97.3,1010.0,989,51,0,1
31.4,97.4,1005.1,2376,79,0,0
23.5,61.6,1002.1,2706,31,0,0
37.3,88.4,990.2,149,93,0,0
33.2,75.1,1003.6,1287,52,0,0
23.2,77.4,1016.3,3146,21,0,0
23.8,86.2,1007.6,3118,34,0,0
32.6,78.9,997.2,261,92,0,0
21.7,45.7,1019.6,549,57,0,0
25.3,95.5,1022.7,871,26,0,1
34.5,64.9,1002.9,2740,71,0,0
31.0,88.6,991.0,1551,42,1,1
22.2,68.4,1008.4,3224,85,0,1
21.8,40.4,1019.4,1521,99,0,0
22.6,60.6,1017.1,778,97,1,1
37.6,82.8,996.1,1159,2,1,0
24.3,78.1,1007.8,2746,7,0,0
24.1,97.0,999.7,2657,80,1,1
32.2,51.4,1000.2,34,44,1,0
22.0,99.8,1005.2,2999,44,1,1
25.0,75.5,996.4,727,19,0,0
25.4,87.4,1015.6,2971,52,1,0
32.7,54.3,1008.7,3872,90,0,0
21.9,81.5,1017.1,2316,82,0,0
37.2,86.5,1004.9,1207,92,0,1
33.0,99.5,1002.4,3556,34,0,1
33.7,88.2,1011.4,2888,83,0,0
21.4,60.6,990.7,534,39,1,0
36.9,57.5,998.5,3572,70,0,0
33.7,86.0,1003.4,1645,57,0,1
24.4,42.9,1002.4,853,15,0,0
27.2,79.1,1019.7,3993,66,1,0
34.7,70.6,996.3,2150,88,0,0
35.5,52.0,998.4,620,66,0,0
36.8,94.3,1012.3,2526,28,1,0
39.4,67.1,993.4,2930,26,0,0
23.7,50.2,994.4,1739,13,0,0
26.1,88.8,1008.8,3745,51,0,0
22.4,64.4,1014.0,1954,89,0,0
30.5,54.1,1016.5,3787,72,0,0
33.0,40.6,1001.3,3681,26,0,0
38.9,43.0,1001.3,1621,68,1,0
28.3,69.4,1021.0,727,11,0,0
34.3,81.2,1004.5,621,74,0,0
29.0,63.6,1006.9,2395,14,0,0
23.8,69.8,1023.7,3725,4,1,0
29.2,42.2,990.1,3655,15,0,0
24.5,52.5,996.6,349,37,1,0
26.9,67.6,1014.5,376,38,1,0
29.7,63.2,1006.7,3154,41,1,0
21.1,41.3,1006.8,1107,38,1,0
38.0,57.6,1001.7,713,25,0,0
38.9,58.6,1013.9,2627,97,0,0
34.9,41.4,1001.5,2116,22,1,0
24.4,78.1,1020.0,3741,33,0,0
21.0,53.2,994.9,1564,71,0,0
29.6,56.7,1013.1,2648,35,1,0
27.7,74.0,1024.5,1540,5,0,0
32.3,80.6,991.4,1607,71,0,0
32.1,58.9,1016.1,1367,60,0,0
34.1,57.7,998.1,902,56,0,0
36.9,52.9,1000.5,519,31,0,0
34.4,80.3,1005.6,1689,96,0,0
30.7,41.6,993.6,2862,92,0,0
38.0,95.9,1009.5,3754,44,1,1
28.2,85.8,1016.2,553,79,0,0
21.3,92.8,998.1,1959,16,0,1
37.5,52.2,993.5,684,21,0,0
35.9,66.1,993.6,1428,57,1,0
38.4,74.9,1000.9,3701,64,0,0
27.0,68.7,1006.6,2155,95,0,0
35.7,65.8,991.6,2032,95,1,1
35.6,90.9,1017.0,3920,7,0,0
29.7,76.8,1018.2,2666,36,1,0
36.6,63.5,1018.3,629,15,0,0
36.6,49.3,1012.0,2739,81,0,0
38.2,83.0,1023.4,65,6,0,0
24.3,81.4,1007.4,43,74,0,0
33.3,95.6,1014.3,2041,99,0,1
39.7,82.2,1017.6,3906,28,0,0
25.0,88.5,997.5,2495,73,0,1
33.8,48.9,992.6,3811,85,0,0
35.0,92.8,1019.1,2267,23,1,0
24.6,78.2,997.3,4050,11,0,0
38.7,75.4,1007.5,481,77,0,0
22.8,45.9,1004.6,12,25,0,0
34.0,49.4,1010.9,1867,38,0,0
36.0,62.6,1005.2,3446,14,0,0
37.6,50.1,1002.3,1716,54,1,0
32.5,78.6,1000.7,404,81,0,0
31.3,73.5,994.8,1732,56,0,0
34.2,80.9,1011.1,2566,70,0,0
26.9,90.2,997.0,2097,19,0,1
30.6,76.9,994.3,2039,96,0,0
25.2,72.6,1011.3,3694,97,0,0
27.0,41.7,998.6,7,78,0,0
29.0,60.5,992.7,1017,74,0,0
21.8,53.6,996.2,2565,72,0,0
21.3,58.7,1009.5,3684,15,0,0
30.4,51.2,1017.8,749,48,0,0
34.2,96.2,1024.3,2477,79,0,0
28.6,73.3,1005.3,3242,55,1,1
38.8,55.3,993.7,2355,31,0,0
37.8,70.1,990.0,1806,64,1,0
23.7,41.7,1002.4,3781,93,1,1
38.3,97.0,1017.7,1964,15,1,0
28.4,88.8,1023.2,1267,33,0,0
34.0,78.5,1012.9,2966,68,1,0
30.7,94.3,996.6,692,29,1,1
38.6,56.7,998.2,3276,59,0,0
27.4,84.0,1024.8,2356,96,0,0
23.6,73.4,1006.2,2511,57,0,0
28.8,94.5,1007.6,1798,42,0,0
27.3,55.1,1016.9,693,23,0,0
36.0,96.0,1001.9,2502,3,0,1
33.2,45.4,1003.3,1029,20,0,0
32.3,76.3,1023.7,3283,5,0,0
24.9,80.2,994.6,3088,51,0,1
34.4,56.6,1012.7,342,92,0,0
25.3,72.7,997.6,1716,68,0,0
20.3,70.5,1008.1,1016,22,0,0
29.3,41.4,1022.4,3037,49,0,0
31.0,70.0,1005.4,2021,100,0,0
20.7,55.3,993.8,335,27,0,0
32.6,50.1,1022.5,2939,60,0,0
35.2,82.6,1013.0,2665,14,0,0
26.1,95.5,1005.3,2880,54,0,1
25.9,77.2,1017.3,2920,94,0,0
38.9,80.2,1017.5,2860,12,0,0
23.9,44.0,1003.4,1662,22,0,0
21.8,81.3,998.7,1171,17,1,0
28.0,58.0,996.8,746,0,0,0
39.9,41.4,1018.7,2733,59,1,0
36.3,83.9,1003.2,1445,61,1,0
36.2,62.0,1012.4,3714,32,0,0
38.8,90.7,990.5,3388,97,0,1
26.9,58.4,1016.6,2148,89,1,0
22.2,79.1,990.4,1859,37,0,0
20.8,75.1,1001.3,177,33,0,0
33.0,61.8,992.2,1545,53,0,0
36.6,67.1,1001.1,1445,64,0,0
21.7,61.1,1001.8,942,97,0,0
34.3,70.5,1013.7,938,67,0,0
30.4,64.6,1011.6,48,67,0,0
26.7,59.4,993.1,2654,25,0,0
33.5,74.2,1023.8,395,94,0,0
37.4,57.6,1012.1,2351,14,0,0
37.2,69.1,1018.2,1186,51,1,0
30.2,94.5,1008.7,1673,44,0,0
29.6,86.5,1006.4,2663,72,0,0
22.0,53.0,1018.8,808,5,0,0
20.4,63.2,998.7,3507,71,1,0
37.7,71.1,996.7,940,86,0,0
30.6,69.4,992.9,2382,56,1,0
32.3,81.0,1005.5,2645,41,1,0
20.2,55.7,1020.7,1374,39,1,0
33.2,53.1,1012.8,450,58,0,0
29.9,80.7,995.7,3565,69,1,0
36.7,41.8,1020.9,3304,82,0,1
23.3,93.0,992.5,1350,73,1,1
33.5,83.0,1021.0,2584,88,0,0
37.4,92.5,995.4,1398,26,0,1
35.9,56.7,1008.7,3458,80,0,0
22.2,82.3,1009.1,3887,8,0,0
39.9,72.4,999.4,2308,81,1,1
35.2,85.8,1013.5,1965,76,1,0
26.0,54.7,991.7,3918,35,0,0
36.6,59.7,1014.4,2757,28,0,0
33.5,63.5,1023.1,295,58,0,0
39.5,57.3,1006.0,1643,41,1,0
23.3,86.1,1023.8,3963,49,0,0
37.6,41.6,994.9,2109,100,1,1
29.1,86.4,1015.1,3265,46,0,0
36.1,69.1,1016.4,1601,95,1,1
21.0,67.8,1002.7,4075,82,0,0
34.3,57.7,997.6,531,45,0,0
20.4,58.9,1000.3,1768,62,0,0
34.3,82.6,994.3,2393,34,1,0
30.3,63.7,998.7,3088,13,0,0
27.5,65.7,997.7,222,8,0,0
30.5,65.6,1007.3,1512,50,1,0
25.0,66.9,1016.4,3639,65,0,0
39.6,81.6,1016.6,1745,100,0,0
21.6,74.2,1024.0,3229,97,0,1
31.2,98.8,1014.0,2276,84,0,1
25.8,79.6,992.0,2914,92,0,0
30.8,99.9,994.8,851,47,1,1
29.9,63.0,1011.2,525,84,0,0
25.4,53.4,1021.5,3476,82,0,0
31.1,69.0,1007.5,217,62,1,0
39.2,48.4,1020.4,3751,64,0,0
31.0,94.2,1005.9,3503,15,0,0
39.1,56.7,1015.0,3907,64,0,0
20.3,42.5,1000.7,1746,90,0,0
21.5,61.6,1009.1,309,75,1,0
30.4,54.0,1008.9,1468,50,0,0
35.2,95.2,1017.4,817,84,1,1
28.5,71.1,1008.7,2612,87,1,1
27.8,60.8,1023.0,2016,11,0,0
34.0,61.2,1024.4,175,61,0,0
38.8,42.0,991.9,92,95,0,0
33.3,64.7,993.5,1500,62,0,0
28.2,45.8,1023.9,907,82,0,0
22.1,85.6,1017.1,436,26,0,0
30.1,46.9,997.1,2334,31,0,0
24.2,86.6,1018.6,367,90,1,1
37.6,49.7,1021.2,3873,72,0,0
38.3,40.3,1015.9,1753,78,0,0
23.5,52.3,1019.5,748,80,0,0
38.7,60.6,1024.3,3286,94,0,0
34.6,92.2,1003.4,3950,69,1,1
39.7,81.0,1023.7,3692,48,1,0
36.0,94.6,1018.7,3460,72,0,0
33.1,84.9,1008.2,3046,8,1,0
20.0,46.2,1020.1,3556,42,0,0
31.9,90.5,1003.2,3563,66,1,1
22.5,60.3,1011.8,868,66,0,0
27.1,43.3,1005.9,507,79,0,0
35.8,73.7,1007.6,2065,24,0,0
29.8,68.1,993.4,1114,22,1,0
33.9,91.4,1002.5,2610,100,0,1
34.1,90.7,1012.1,1084,73,0,0
38.5,67.4,1015.7,1455,55,0,0
35.9,59.5,999.0,2246,96,0,0
32.7,73.3,1024.6,1860,42,1,0
21.9,89.5,999.3,1590,81,0,1
33.4,60.9,996.9,3682,20,0,0
27.8,60.0,1017.2,2088,54,1,0
30.4,86.5,1019.6,895,11,1,0
33.3,73.7,1000.8,3799,41,0,0
29.0,80.2,1000.9,29,8,1,0
23.5,76.1,1023.9,2863,51,0,0
20.7,63.9,993.7,1280,28,0,0
36.4,60.2,1004.7,3615,61,0,0
32.7,54.2,1016.8,358,87,1,1
23.9,41.7,1021.9,131,47,0,0
27.9,63.4,1003.5,1082,38,1,0
39.4,78.1,1021.0,920,82,1,1
27.5,82.5,1009.9,3230,9,0,0
39.7,70.4,1007.1,2891,94,0,0
20.3,52.1,1000.3,1488,64,0,0
26.6,96.8,994.8,2765,45,1,1
35.5,46.9,1001.4,2262,32,0,0
38.8,46.4,992.6,2250,94,1,1
26.2,65.0,1010.9,2764,62,0,0
21.3,55.0,1009.3,3767,49,1,0
37.4,45.8,994.9,1474,43,0,0
35.5,51.2,994.6,2488,97,1,1
20.2,73.1,990.3,3601,37,0,0
36.3,95.2,1007.2,3858,52,0,1
35.4,76.6,1021.1,3917,78,0,0
36.6,62.4,1001.7,2127,68,1,0
32.8,57.7,1014.4,1308,55,1,0
29.4,100.0,996.3,2176,24,1,1
27.1,43.8,1022.0,3754,30,0,0
36.7,91.4,1005.7,3403,54,0,0
37.7,56.5,1017.4,3573,7,0,1
33.1,55.0,1023.1,549,98,0,0
35.7,47.4,998.2,444,92,0,0
34.7,61.4,1010.4,3802,8,0,0
30.7,65.7,1003.8,3004,28,0,0
23.3,90.0,1016.4,2773,35,0,0
30.7,64.7,1008.4,1556,68,1,0
28.8,75.2,1001.1,2633,51,0,0
35.7,58.3,1009.6,1913,95,0,0
26.6,87.6,1011.4,374,10,0,0
25.7,62.6,997.8,3362,47,1,0
28.3,68.4,1016.7,3879,4,1,0
22.5,71.9,1015.5,2643,46,1,0
27.5,92.0,1007.8,274,44,0,0
30.5,61.6,997.8,757,81,0,0
26.5,71.7,1001.9,746,26,0,0
29.7,45.5,1000.1,2725,10,0,0
36.4,55.5,1009.4,2599,26,0,0
24.9,63.9,1002.0,861,31,1,0
28.7,52.7,1003.1,2941,21,0,0
39.7,69.3,996.7,2342,27,0,0
26.2,56.8,991.5,545,45,0,0
28.4,58.4,1003.8,1575,40,0,0
29.1,90.8,994.0,910,5,0,0
34.8,84.2,991.7,47,53,1,1
37.2,58.0,1009.7,1903,90,1,1
39.2,96.0,999.6,353,67,0,1
32.3,70.6,998.8,1675,77,1,1
20.1,45.4,1013.4,755,66,1,0
29.5,55.6,995.1,503,21,0,1
36.5,92.0,1008.7,1195,14,0,0
30.3,56.6,999.7,1289,35,0,0
29.6,47.3,992.2,237,80,0,0
24.0,92.6,1004.3,2751,91,0,1
28.2,71.7,1011.8,3453,45,1,0
26.9,62.1,999.9,3691,42,0,0
32.4,60.5,1012.9,1028,8,0,0
34.9,46.4,1017.9,1871,81,0,0
24.6,93.8,991.3,3436,7,0,1
25.8,61.1,1005.3,2805,23,0,0
24.5,96.3,1010.2,799,25,1,1
38.8,74.4,1003.2,902,72,0,0
32.3,96.5,1022.6,2762,11,0,1
28.8,52.1,1007.3,3023,80,0,0
36.0,82.7,1016.0,3861,37,0,0
25.4,47.2,1005.1,871,79,0,0
31.0,93.3,1018.3,4070,85,0,0
28.6,75.6,1007.9,2609,22,1,0
24.4,42.5,994.0,3989,44,1,0
22.2,46.8,1008.8,2055,66,0,0
26.0,79.3,1013.0,1429,60,0,0
35.8,86.0,1000.1,2877,30,0,1
26.6,70.2,1002.0,694,58,0,0
23.5,72.2,999.9,2517,84,0,0
39.4,92.4,995.9,1800,28,1,0
33.7,72.6,1016.3,487,29,0,0
29.5,56.7,999.3,2253,39,0,0
35.6,65.8,1022.5,81,10,1,0
27.0,60.7,990.5,763,91,0,0
34.2,74.0,997.1,3606,79,1,1
36.6,74.8,996.1,585,74,0,0
39.6,43.4,994.0,621,48,1,0
22.1,61.2,1016.2,2798,97,0,0
27.8,46.8,1021.5,877,49,1,0
37.2,79.9,1011.4,898,15,1,0
31.6,58.7,1006.5,2369,27,0,0
21.1,96.4,990.2,212,77,0,1
21.6,67.1,996.0,2309,22,0,1
20.2,89.3,1024.3,4084,59,1,0
27.6,98.2,1007.3,1229,61,1,1
23.2,89.4,1016.4,550,73,1,0
30.2,76.6,1022.7,1944,79,0,0
23.1,94.5,1008.8,177,45,0,0
29.1,94.2,1017.3,2927,27,0,0
36.8,68.6,1015.5,1926,30,0,0
33.7,84.6,995.1,2055,1,0,0
21.8,74.7,1006.5,2580,2,0,0
28.2,44.9,993.7,1148,61,0,0
35.6,66.5,1006.2,2244,3,1,0
30.6,68.5,1012.6,2846,66,0,0
26.0,95.7,1020.5,3081,22,1,1
24.6,47.5,1004.5,3443,65,1,0
39.1,52.9,1019.6,3778,97,0,0
34.6,56.7,1023.8,1192,14,0,0
20.9,93.4,1016.2,2277,98,0,0
34.4,81.3,994.9,1273,22,1,0
22.6,58.8,1016.7,1393,21,1,0
31.3,49.2,1021.7,3719,42,0,0
37.1,92.3,1012.5,3118,95,0,0
24.0,64.8,1005.3,2897,30,0,0
24.7,43.5,1014.2,2595,61,0,0
37.6,48.2,1020.3,3209,38,1,0
23.1,83.7,1006.5,2438,82,0,0
21.6,60.7,1021.4,2593,86,0,0
22.0,87.7,1017.3,2850,84,0,0
24.0,67.5,1005.8,2667,59,0,0
31.9,72.5,994.2,1366,72,1,0
21.3,88.2,1002.3,1183,65,0,1
26.9,49.4,1005.6,2208,95,0,0
35.6,46.4,1012.4,1287,86,0,0
39.6,40.2,1019.0,2731,3,0,0
36.1,67.5,1000.2,3662,41,0,0
34.3,63.4,1004.3,2158,41,0,0
36.2,89.9,998.9,3501,37,0,0
24.7,92.4,1001.9,3489,95,0,1
36.0,67.9,1008.8,194,82,1,1
23.1,57.9,998.2,3717,63,1,0
20.9,47.8,1007.5,156,83,0,0
35.0,77.2,1007.9,2184,64,1,0
20.7,58.8,991.3,3181,94,1,1
39.8,40.1,994.7,3857,26,1,0
28.2,84.2,996.8,1868,10,0,0
21.1,87.7,1012.8,244,25,0,0
32.3,62.0,1005.1,3667,44,0,0
29.2,74.9,994.4,1294,76,0,0
35.5,69.3,997.6,1389,73,0,0
39.5,55.0,993.3,2786,96,0,0
28.8,77.2,1014.0,1770,92,0,0
38.3,40.6,1002.0,2313,93,0,0
34.7,52.7,1024.0,1373,90,1,1
26.2,61.4,1002.5,3127,54,0,0
27.6,87.1,1006.0,1283,71,0,0
34.8,65.6,1024.2,3234,84,1,1
33.7,76.5,1015.3,3990,15,0,0
38.4,54.4,993.4,3238,50,0,0
23.5,87.8,995.1,3344,77,0,1
33.1,79.7,1004.7,3499,77,1,0
35.4,85.2,1008.1,1138,35,0,0
23.8,74.5,1023.8,3044,34,1,0
24.6,64.5,992.8,1742,9,0,0
22.4,87.3,993.1,571,77,1,1
26.3,78.0,1009.2,1212,89,0,0
30.4,52.1,1009.5,1405,30,0,0
23.5,65.9,1003.9,1477,95,0,0
29.9,44.4,1018.9,1447,20,1,0
32.1,52.7,1007.9,529,63,0,0
26.2,70.0,1022.6,1118,62,0,0
24.1,59.6,1017.5,811,19,0,0
32.9,54.3,1003.6,3620,48,0,0
24.8,41.5,1012.2,822,55,0,0
29.1,68.7,1007.9,3714,36,0,0
25.7,74.9,1007.9,2440,96,0,0
33.8,69.8,999.6,2145,48,0,0
22.5,41.9,1012.4,1846,30,0,0
25.2,71.2,1000.5,3096,3,0,0
25.5,59.2,995.7,415,10,1,0
25.9,74.2,1002.7,2811,40,1,0
33.3,89.7,997.6,1975,83,0,1
25.9,49.4,995.7,4034,81,0,0
31.3,96.4,1024.5,710,31,1,1
36.8,59.4,1011.3,1528,70,0,0
28.5,46.4,990.9,2725,6,0,0
38.8,99.4,1013.0,2667,44,1,1
35.8,66.9,1013.6,3469,28,0,1
39.6,44.3,1023.6,3501,21,1,0
37.7,56.4,1022.7,3894,9,1,0
31.5,75.6,996.8,4024,96,0,0
37.5,76.8,1010.5,1318,81,1,1
39.0,98.7,1004.4,3261,2,0,1
30.7,74.2,1020.7,588,9,0,0
25.8,59.7,993.9,2354,97,1,1
36.5,77.1,1014.1,362,87,0,0
26.3,75.9,995.1,2114,22,1,0
35.7,61.2,991.8,1718,95,0,0
24.8,40.6,992.0,1853,48,0,0
28.0,91.2,1013.3,3399,31,1,0
33.5,82.2,1022.2,2367,51,0,0
27.8,45.4,1009.8,932,5,0,0
34.3,94.8,1017.6,120,17,0,0
34.8,62.1,991.0,1721,68,0,0
29.2,89.1,992.6,2944,10,1,1
27.7,72.4,996.3,1380,100,1,1
23.9,48.3,1011.1,2740,29,1,0
29.7,88.9,1002.8,1923,84,0,1
24.2,43.6,1015.3,3159,5,0,0
36.3,96.7,1018.8,1695,76,0,0
30.8,71.7,1002.9,3750,51,1,0
37.8,59.7,1022.9,3836,39,0,0
22.2,46.4,1010.8,3870,46,0,0
22.9,44.8,999.7,336,91,0,0
29.6,54.5,1022.8,54,39,0,0
21.2,41.5,1020.4,811,6,0,0
23.4,76.2,1011.3,2504,43,0,0
28.3,41.9,1016.3,1818,5,1,0
37.9,84.8,998.2,2238,2,0,1
20.5,97.2,993.5,2176,10,0,0
29.3,45.0,993.8,1306,5,0,0
29.5,69.4,1001.5,2966,1,0,0
23.4,48.8,993.9,207,69,1,0
24.6,46.0,1010.1,2711,81,0,0
25.5,59.9,1005.2,155,85,0,0
27.4,64.8,1005.4,1765,46,0,0
24.7,43.3,1006.6,2920,39,1,0
36.9,90.1,1008.3,1936,87,1,1
33.9,46.6,1017.5,1813,58,1,0
23.9,89.3,992.8,2966,63,1,1
24.4,45.4,1022.6,458,46,1,0
39.9,82.5,1001.9,3488,13,0,0
33.5,88.7,1005.2,760,65,0,0
25.9,55.9,997.8,873,47,0,0
24.9,78.5,1015.6,403,99,0,0
35.9,72.3,1003.1,3198,20,0,1
33.3,42.4,1019.7,3571,44,0,0
35.9,88.0,996.9,1904,4,1,1
20.3,67.9,992.4,4018,49,0,0
39.8,89.5,1006.9,1657,57,0,0
25.1,50.9,994.5,2877,66,0,0
27.9,65.4,1004.6,116,99,1,1
38.0,98.4,1010.6,3346,92,1,1
21.9,58.3,1024.0,2604,97,0,0
35.2,43.6,1001.8,3161,77,0,0
22.4,78.0,1006.4,3638,5,0,0
30.8,49.4,1001.6,474,83,0,0
31.7,68.7,995.8,1095,86,1,1
35.6,68.3,993.6,2576,47,1,0
27.6,82.6,1013.3,2464,30,0,0
28.1,68.5,1013.5,3631,60,0,0
36.9,46.9,1006.0,1990,90,0,0
24.6,91.8,1022.7,2173,52,1,0
33.3,69.8,999.4,2779,2,0,0
37.8,78.0,1021.0,709,43,1,0
25.3,58.1,1005.3,2906,11,0,0
30.1,94.1,1007.7,3366,77,0,0
22.4,94.1,1015.4,3193,43,0,0
22.9,53.1,1020.4,3569,40,0,0
27.3,95.4,1003.8,2162,32,0,1
23.6,44.6,999.7,1810,11,0,0
28.7,52.9,1007.8,939,55,0,0
29.6,59.5,1004.4,579,55,0,0
38.7,78.8,1023.8,503,26,1,0
28.2,45.2,1003.7,1948,27,1,0
22.9,67.4,990.4,479,75,1,0
32.2,79.2,1018.7,1329,14,0,0
24.0,99.4,1006.4,2205,39,0,1
24.4,85.9,1024.1,2187,7,0,0
34.0,87.8,1019.3,4005,35,0,0
28.8,50.3,1001.7,1806,26,1,0
26.1,89.3,1009.3,3935,29,1,0
30.3,61.1,1016.6,323,10,0,0
30.3,53.7,994.5,860,49,0,0
26.7,71.2,1016.6,834,74,0,0
30.7,71.5,992.8,3422,4,0,0
37.0,94.3,996.8,1303,62,0,0
20.6,73.3,990.6,1140,23,0,0
32.3,72.7,995.8,3935,43,0,1
28.5,84.6,1021.0,3724,98,0,0
20.3,90.6,996.1,926,21,0,1
34.0,74.1,1009.2,3350,93,1,1
24.1,48.0,1016.9,2535,80,1,0
35.4,91.7,998.5,2412,44,0,1
32.0,99.3,1010.5,559,1,0,1
35.5,90.6,994.0,549,15,1,1
32.2,91.7,998.5,1260,23,0,1
28.7,75.6,999.0,44,50,1,0
27.3,74.0,1016.5,2834,99,1,1
33.9,59.8,1018.5,1608,32,0,0
34.5,55.5,1020.5,3350,29,0,0
28.3,78.8,993.2,401,16,0,0
24.3,92.1,1008.7,2168,53,1,0
26.4,67.9,1021.0,3208,15,1,0
37.8,54.3,1016.8,4058,58,0,0
27.5,83.8,1023.7,1465,37,0,0
29.7,97.5,1019.5,961,22,0,1
38.3,78.3,998.0,1926,21,0,0
20.0,93.6,1012.8,2965,29,1,1
31.9,53.0,1005.5,1574,61,1,0
20.0,42.3,1008.5,1798,72,1,0
35.1,66.4,1023.1,304,31,1,0
34.5,43.1,1004.4,583,60,1,0
25.1,47.8,1007.2,1112,66,0,0
31.0,46.8,1016.8,3871,36,0,0
20.6,62.2,1009.5,2369,62,0,0
31.0,84.8,993.6,2897,42,0,0
31.5,57.3,994.1,3644,39,0,0
23.6,72.3,1023.8,780,70,0,0
36.6,99.3,999.9,515,50,0,1
27.6,88.2,1021.6,1933,80,1,0
36.4,70.2,1009.9,3631,36,0,0
37.8,51.5,990.7,3756,65,0,0
31.2,73.7,996.9,3089,56,0,0
27.8,88.3,995.7,3898,44,0,1
22.6,41.2,1024.0,2534,48,0,0
32.0,62.1,1009.6,298,36,0,0
33.5,82.9,1009.7,3230,92,0,0
30.6,91.1,990.7,514,94,0,1
37.6,53.5,998.3,255,52,0,0
24.7,95.0,1004.4,3223,10,0,1
32.9,53.7,1018.5,1750,93,0,0
30.6,41.8,992.9,1507,98,0,0
29.0,97.7,1002.0,2571,62,0,1
26.0,41.9,1007.1,3310,64,0,0
24.2,79.3,992.2,1899,76,0,0
38.0,90.5,1021.5,2738,52,1,0
30.5,60.0,1003.0,718,97,0,0
24.1,72.5,991.8,1189,2,0,0
33.9,65.9,1008.9,2447,16,1,0
31.9,83.7,1008.7,1123,76,0,0
22.9,96.8,991.0,1991,62,1,1
20.2,90.1,990.1,76,37,1,1
36.9,65.0,1011.1,2303,65,0,0
22.3,80.6,992.0,2934,59,1,0
20.4,99.4,996.1,615,12,0,1
32.0,44.1,1011.3,2213,22,0,0
38.0,91.1,999.7,1211,72,0,1
24.7,42.1,995.2,3121,94,1,1
29.2,78.5,1016.0,1694,88,0,0
31.8,80.4,1001.1,1834,10,0,0
31.7,99.7,1014.2,2667,30,1,1
30.0,57.6,1000.4,423,72,0,0
39.4,88.2,1019.9,1711,31,0,0
26.7,94.7,994.0,2387,74,0,1
31.2,59.0,1001.5,3640,80,1,0
33.8,88.0,1004.8,2394,90,0,1
32.6,87.7,996.2,279,27,0,1
25.7,66.7,1010.1,2041,19,1,0
35.8,77.4,1003.2,1239,41,0,0
37.5,64.9,996.6,2078,58,0,0
38.0,48.5,1001.3,3608,67,0,0
24.1,70.0,1023.2,2445,37,0,0
32.8,43.9,1013.4,1371,34,0,0
33.7,70.1,1019.4,1999,69,0,0
29.2,72.2,991.3,526,72,0,0
21.0,69.9,1014.1,2346,18,1,1
35.8,60.4,1001.5,785,43,1,0
37.7,84.8,1015.8,1623,40,0,1
27.4,56.1,1015.7,1163,95,1,1
35.2,55.2,990.4,3002,9,0,0
39.6,42.7,1007.0,4014,70,1,0
35.7,81.5,993.8,1838,57,0,0
20.3,96.6,1010.4,2182,39,0,1
30.0,63.2,1010.1,741,25,0,0
36.3,47.5,1015.6,2457,53,0,0
33.1,44.0,1014.9,4014,97,1,1
29.6,67.7,1004.5,3593,65,0,0
22.6,40.4,1020.1,2900,83,0,0
28.3,84.8,1007.7,183,65,1,0
37.4,90.4,1004.4,216,72,0,1
27.0,44.4,1010.7,736,1,0,0
36.6,47.0,1007.1,2157,29,1,0
26.4,72.2,1022.2,2029,23,1,0
39.6,78.8,994.2,1846,96,1,1
34.8,83.9,995.8,1094,26,0,0
32.5,45.5,1019.6,2460,50,0,0
33.7,78.5,1006.9,3306,70,1,0
25.8,70.2,1011.9,2963,80,1,0
29.7,49.3,992.9,2539,43,0,0
24.9,91.8,1023.9,2640,81,0,0
27.2,75.5,1024.3,1855,94,0,0
20.1,99.6,991.5,698,53,0,1
34.0,72.1,1007.4,3715,71,0,1
33.7,77.2,1016.6,3120,14,0,1
22.5,43.2,1021.2,3968,21,0,0
26.1,71.3,1017.8,2416,65,0,0
23.3,58.8,990.5,3061,89,1,1
27.8,78.6,999.6,1947,45,1,0
30.4,70.2,1020.6,3344,66,0,0
26.9,79.9,1006.8,817,90,1,1
33.0,66.2,1024.9,3635,32,0,1
28.2,92.1,993.5,1415,87,0,1
35.7,74.0,1005.1,1846,91,0,0
24.1,51.2,1003.8,3341,11,1,0
38.7,92.8,995.8,1465,95,0,1
26.1,75.5,1003.1,767,68,0,1
39.3,69.7,1009.6,1137,44,0,0
33.0,68.9,1002.7,2929,45,1,0
36.2,51.3,1012.9,2744,42,0,0
35.4,67.0,1001.4,1251,93,1,1
38.6,40.4,1006.7,1400,24,0,0
26.7,82.7,1021.9,4031,76,0,0
39.2,88.6,1005.4,2964,0,0,0
30.0,84.2,1012.6,3353,98,1,1
31.7,58.6,993.3,3530,67,1,0
27.6,92.4,994.7,3233,89,0,1
29.1,66.1,1005.0,753,42,0,0
38.8,71.4,998.4,3554,3,0,0
24.9,67.6,1012.2,2195,57,0,1
31.3,69.5,1021.9,2179,45,0,0
24.8,42.0,1011.1,2586,80,0,0
27.3,53.6,1013.3,2234,66,0,0
35.0,46.3,1015.3,309,35,0,0
35.7,95.0,990.8,3084,35,1,1
29.2,45.9,1010.5,362,39,0,0
25.0,96.0,1024.9,2015,75,1,1
25.6,50.2,1004.8,3740,65,0,0
37.3,76.9,1022.6,3826,40,0,0
28.5,42.1,1001.8,1811,22,0,1
24.0,47.2,998.3,1622,42,0,0
35.2,91.0,1020.3,2271,41,0,0
39.4,83.0,1004.0,519,99,0,0
27.0,50.2,1011.7,3160,74,0,1
28.0,65.9,1013.4,3472,57,0,0
27.8,80.8,997.8,712,30,0,0
28.0,47.7,1005.3,1667,73,0,0
33.0,51.1,1012.3,2792,90,0,0
36.3,62.9,1024.3,201,91,1,1
32.5,85.3,1012.8,2746,64,0,0
35.2,79.1,996.8,776,96,1,1
21.7,71.0,1007.6,1406,10,0,0
28.8,94.9,994.0,3975,25,0,1
32.2,74.4,991.8,658,1,1,0
29.3,63.8,1008.4,3297,38,1,0
31.1,58.5,1018.0,1652,57,1,0
36.6,86.7,1019.0,2171,69,0,0
35.5,88.4,1023.3,2034,4,1,0
38.9,58.1,1001.8,1501,90,0,0
35.4,71.0,1013.1,2406,80,0,0
32.9,48.5,1000.1,715,60,0,0
31.2,83.6,991.2,3678,88,0,1
26.0,46.7,1016.7,299,69,0,0
39.4,43.3,1020.6,277,94,0,0
38.4,89.2,1024.8,458,50,1,0
36.2,48.8,995.4,1259,75,0,0
38.8,44.3,1000.9,2552,86,0,0
29.5,44.7,1008.6,2046,29,0,0
27.8,75.3,998.0,3979,99,1,1
26.0,53.6,1019.0,1799,41,0,0
33.9,65.4,1017.2,1861,22,0,0
38.7,43.6,1023.9,3053,44,0,1
34.7,43.3,997.6,3157,68,0,0
23.3,69.9,1006.8,2922,51,1,0
34.8,40.1,998.5,3496,39,0,0
34.9,85.7,998.1,1230,86,0,1
26.8,51.8,999.8,4011,62,0,1
37.2,49.9,1013.9,1626,94,0,0
24.9,79.8,1014.6,2469,92,0,0
39.0,63.2,1016.0,988,41,0,0
29.8,71.7,1003.7,682,8,0,0
32.4,86.8,1008.0,867,40,0,0
25.3,61.5,1000.8,2907,80,0,0
33.4,93.0,1009.1,3884,90,0,1
34.4,40.4,1008.6,2598,27,0,0
23.7,52.8,999.1,4028,19,0,0
38.6,87.2,1006.9,1336,78,0,1
35.3,71.3,1016.0,883,16,0,0
36.4,95.7,996.0,1532,30,0,1
24.3,73.4,1002.3,3868,25,0,0
33.8,82.6,1006.7,2944,61,0,0
31.2,74.3,1004.6,3959,32,1,0
25.0,74.2,1024.2,478,42,1,1
28.3,49.5,990.4,2884,20,0,0
29.7,81.3,1010.7,2822,61,0,0
32.9,99.0,1012.1,2847,67,1,1
33.1,88.1,1010.9,3891,37,1,0
23.8,64.7,1004.2,3076,49,0,0
32.5,90.9,1022.2,1316,96,0,0
21.5,53.3,1002.0,3726,38,1,0
24.7,63.1,1019.4,3181,30,0,0
33.1,85.7,1007.5,2441,50,1,0
36.9,92.8,995.5,839,49,0,1
38.9,72.7,1008.7,1403,14,1,0
29.9,65.6,994.3,1632,96,0,0
25.0,90.0,1022.2,2636,22,0,1
31.6,53.0,994.9,1294,24,0,0
38.9,76.7,1020.7,3259,39,0,0
20.8,43.0,1009.0,246,91,1,1
28.6,57.3,1006.1,1245,73,0,0
34.9,70.4,1020.6,739,81,0,0
20.1,46.3,1018.5,2231,16,0,0
21.3,99.4,1006.2,2851,69,0,1
22.9,71.1,1013.6,3166,19,0,0
28.1,79.8,990.9,1070,92,0,0
21.2,76.1,1008.7,2001,91,0,0
33.3,98.7,1000.5,3986,12,0,1
28.2,71.0,1021.6,1603,60,0,0
39.8,75.0,1003.1,3142,4,0,0
24.1,72.4,1013.4,1934,95,0,0
24.5,86.2,1021.2,1516,39,0,0
31.8,97.1,992.8,1004,92,1,1
26.0,53.4,1016.7,2985,100,0,0
33.1,87.6,991.3,3531,97,1,1
29.3,48.2,1021.4,770,46,0,0
27.7,80.7,1015.2,2208,88,0,0
35.5,76.9,996.8,1781,3,0,0
39.7,52.1,1004.8,1197,80,0,0
20.4,96.7,1013.9,3601,48,0,1
20.3,90.6,997.3,168,5,0,1
20.3,96.2,998.5,768,6,1,1
29.3,48.7,1002.0,3840,69,0,0
20.1,40.6,996.7,2100,53,0,0
29.5,49.6,1008.4,514,66,0,1
20.8,69.7,1012.1,1916,60,0,0
23.9,44.5,1002.0,2584,10,0,0
36.2,61.9,1001.6,1699,44,0,0
24.5,52.2,1022.0,589,42,0,0
34.9,91.6,1002.3,3191,41,1,1
24.7,85.3,1000.7,1045,62,0,1
35.0,72.7,1000.0,3157,80,1,0
36.5,55.6,1012.5,351,99,0,0
21.6,51.9,1016.5,1717,31,1,0
37.1,67.0,991.7,60,26,1,0
29.1,70.6,1008.3,2139,71,0,0
24.4,74.2,997.4,833,9,0,0
26.8,70.1,991.3,4019,71,0,0
20.9,85.7,1022.8,2896,62,0,0
35.4,93.8,990.4,2827,21,1,1
33.1,92.6,1018.8,1112,57,0,0
23.9,93.2,1011.7,1512,74,1,0
32.3,88.8,1006.4,1153,1,0,0
34.5,48.9,1024.2,2870,0,0,0
34.8,79.1,1005.9,2474,18,0,0
22.8,67.9,994.6,1938,64,0,0
21.0,54.1,1010.0,3507,46,0,0
30.1,81.0,1003.3,1518,79,0,0
20.7,91.0,999.6,1850,90,0,1
32.2,72.8,1002.1,2984,19,0,0
25.7,75.1,1001.1,235,39,0,0
25.4,97.8,1013.2,4064,11,1,1
31.3,97.8,1014.3,3346,81,0,1
35.8,40.0,1003.8,1591,100,1,1
23.3,44.9,1013.0,897,34,1,0
25.5,96.0,1011.6,451,87,0,1
26.2,42.7,1016.2,2140,5,0,0
35.1,64.4,1024.3,3566,31,0,0
39.4,73.6,993.9,996,99,1,1
29.8,61.6,1017.6,2699,17,1,1
36.1,74.0,1013.4,2471,15,0,0
32.9,44.7,1004.1,2881,33,0,0
37.7,71.8,1017.9,297,92,0,0
30.9,80.5,1002.6,2291,69,1,0
25.7,52.4,1015.1,3105,59,0,0
23.6,86.4,994.0,1101,63,1,1
24.0,74.9,1000.8,1387,1,0,0
35.9,66.4,995.8,2959,22,0,0
28.5,52.6,1021.9,3496,15,1,0
32.8,60.9,1009.1,88,49,0,0
33.1,83.3,1008.4,2202,39,0,0
34.6,40.1,1016.4,3361,1,0,0
28.8,73.8,998.3,1683,49,1,0
21.7,57.3,1023.3,613,73,0,0
25.1,85.2,1003.4,1835,66,0,1
30.1,57.6,997.5,3365,41,1,0
20.2,75.0,1023.7,2049,15,0,0
28.4,79.7,1015.5,2886,100,0,0
26.0,48.9,998.4,2112,21,0,0
22.6,93.7,1015.2,1766,5,1,0
29.7,40.2,1010.0,1081,39,0,0
23.3,57.3,992.9,3358,24,0,0
26.0,93.7,1019.0,447,41,0,0
34.6,42.5,998.2,452,58,1,0
28.4,49.2,1014.1,3744,100,1,1
22.2,96.7,1007.7,471,79,0,1
28.1,43.3,1023.0,786,31,0,0
30.6,61.0,994.5,495,34,0,0
31.2,47.9,993.9,3800,37,0,1
23.9,78.5,1017.3,2449,87,1,1
34.2,91.7,1013.6,1327,5,1,0
34.6,52.1,1019.3,1138,57,0,0
34.1,94.4,999.4,3534,25,0,1
25.9,83.4,1004.0,3693,4,1,0
37.0,88.3,1022.4,111,25,0,0
29.8,95.9,992.4,3180,89,0,1
26.7,44.6,1006.6,1621,4,0,0
23.7,59.7,1001.2,1664,23,0,0
30.5,94.1,1006.5,936,2,1,0
25.9,64.6,999.5,4027,52,0,0
28.5,58.4,1004.7,3333,88,1,1
25.5,99.3,1003.2,1766,36,0,1
27.8,48.3,993.7,3135,65,1,0
30.1,81.2,1010.2,3150,14,0,0
25.2,90.8,1004.2,1080,37,0,1
24.7,68.7,1018.0,275,85,0,1
36.6,97.8,1020.3,1524,49,1,1
22.0,49.4,1007.4,1525,41,0,0
35.4,73.9,1013.8,1692,56,0,0
37.3,75.1,995.2,2268,18,0,0
28.1,72.3,1013.5,2061,84,0,0
37.9,51.9,1004.1,3082,75,0,0
30.4,91.1,1005.2,2735,52,1,0
34.1,40.5,1004.3,1482,28,1,0
22.9,67.9,997.3,2477,94,0,0
31.7,59.3,1001.9,2254,41,0,0
25.4,52.0,1007.0,2816,59,1,0
36.0,89.8,1016.7,1657,75,0,0
39.4,83.4,1002.9,470,83,0,0
38.3,65.3,1010.5,3635,42,1,0
27.0,49.2,1004.0,111,7,0,0
23.5,91.7,999.9,3577,86,0,1
37.2,59.0,997.9,1575,49,1,0
30.3,56.6,1001.6,2498,65,0,0
20.7,72.4,997.8,1573,89,0,0
31.8,85.2,994.1,2085,31,1,0
37.7,66.2,997.0,3333,19,0,0
23.8,90.5,1019.5,3531,87,1,1
39.9,95.6,1017.7,302,66,0,1
20.6,58.1,1024.5,358,78,0,0
20.8,89.6,1007.7,3424,96,0,1
33.6,61.1,992.4,3966,35,0,0
26.9,94.1,1017.9,533,63,0,0
25.6,98.6,990.9,1823,16,0,1
32.6,76.3,999.2,1111,7,0,0
25.6,66.2,1005.7,1532,51,0,0
34.1,98.8,1009.5,390,66,1,1
22.3,60.5,999.6,2166,53,1,0
31.3,72.8,1016.4,3451,94,0,1
31.8,90.4,1002.8,2634,31,0,1
23.4,78.3,991.5,1345,29,0,0
23.2,94.2,1010.5,2665,90,0,0
28.8,40.9,999.1,3470,91,1,1
20.7,95.6,1000.3,3317,43,1,1
20.9,44.0,1017.5,119,13,0,0
36.4,88.3,1005.1,871,0,0,0
27.4,87.4,1004.4,303,62,0,1
25.6,92.9,990.5,2081,97,0,1
22.9,70.7,1008.6,65,35,1,0
37.7,45.5,999.6,3820,72,0,1
31.6,40.5,1015.2,3098,16,0,0
21.9,56.0,1017.4,2494,49,0,0
27.4,69.0,1007.2,315,100,1,1
31.7,61.7,1008.4,2049,55,0,0
31.8,88.1,991.4,3634,96,1,1
25.6,77.4,999.2,3352,54,0,0
25.3,99.9,1009.5,3463,9,1,1
31.7,49.3,1022.6,2402,21,0,0
35.3,66.8,993.9,1590,3,0,0
25.6,73.5,1021.1,327,79,0,0
38.1,40.8,994.9,2086,2,0,0
21.1,66.7,1001.3,2513,79,1,0
21.8,62.2,1016.1,3171,34,0,0
29.3,67.2,1021.0,1294,92,1,0
32.3,77.9,1005.1,1369,0,1,0
26.9,51.9,1000.7,3243,80,0,0
23.3,98.3,1002.0,729,81,0,1
20.3,51.1,998.0,2501,5,1,0
22.7,70.8,1003.6,848,61,0,0
33.9,50.1,1001.6,2830,33,0,0
33.8,85.8,1019.6,4052,10,0,0
36.9,89.3,994.7,707,45,1,1
31.2,58.8,1013.0,2907,15,0,0
27.3,62.9,994.3,2396,58,0,0
28.6,83.5,1016.1,2929,36,0,0
34.7,72.1,1021.3,1857,41,0,0
34.5,73.2,1015.7,1515,33,0,0
23.3,50.0,1023.4,1668,73,1,0
26.1,62.0,1020.0,1774,58,0,0
39.7,49.5,1024.2,3441,18,0,0
26.6,70.5,1021.5,141,29,0,0
38.5,56.5,1001.2,3253,71,0,0
30.9,74.3,1012.5,3938,41,1,0
38.1,54.5,1022.5,342,47,1,0
32.0,92.4,1002.6,1148,87,0,1
22.8,49.7,999.1,3724,55,0,0
24.1,90.2,992.2,1934,28,0,1
23.3,98.0,1011.0,3135,73,0,1
31.2,98.9,1007.0,2235,57,0,1
25.8,97.1,1006.6,470,39,1,1
28.7,97.0,1021.3,2901,53,1,1
39.0,76.0,1022.6,598,69,1,0
37.3,53.8,1024.3,2238,80,0,0
26.6,79.8,1004.9,3584,1,0,0
20.5,89.1,1013.5,3906,15,0,0
33.2,44.4,1001.1,1725,55,0,0
27.2,69.4,1018.5,2928,14,1,0
27.2,68.5,1004.2,1265,43,0,0
35.2,87.0,1001.4,4018,53,0,1
34.5,57.2,1009.8,2500,65,1,0
30.9,63.7,992.6,555,54,0,0
26.0,50.0,1005.8,2031,92,1,1
25.0,65.3,995.3,1837,20,0,1
31.9,75.5,1003.0,526,26,0,0
28.1,56.2,1022.5,4024,54,1,0
20.2,57.1,994.6,3492,43,0,0
26.0,89.8,1006.0,792,84,0,0
35.1,97.8,1023.4,374,36,0,1
39.1,48.2,1002.9,1789,32,1,0
31.8,70.0,1007.5,132,27,0,0
27.5,80.5,1015.8,1959,42,0,0
25.6,64.0,990.0,3056,19,1,0
28.7,40.6,1023.8,368,72,0,0
34.3,52.5,1021.3,1307,30,1,0
24.5,40.3,1001.2,2828,21,0,0
32.3,93.4,1011.3,3483,16,1,0
33.9,87.8,1018.9,3445,30,1,0
35.6,43.0,1017.0,88,10,0,0
35.7,42.9,995.1,608,94,1,1
34.4,95.1,993.6,2393,93,0,1
36.7,42.9,1022.9,1611,8,0,0
32.9,54.7,1013.4,1591,18,0,0
29.6,52.6,992.4,3527,80,1,0
36.2,89.7,1020.4,2119,24,1,0
30.0,92.7,1012.5,670,1,0,0
26.8,98.1,1005.8,2407,28,0,1
35.5,90.5,1004.7,1758,59,0,1
35.6,54.3,1004.7,3661,24,0,0
24.5,88.4,1004.2,1305,22,0,1
22.4,64.3,1017.9,1635,88,1,1
38.4,52.8,1019.8,3398,82,0,0
25.3,84.7,1014.2,2372,35,0,0
25.3,58.0,1013.9,2390,96,0,0
38.0,85.5,1015.8,2883,44,0,0
33.3,44.6,1018.8,1109,41,0,0
34.4,40.8,1018.3,1150,32,0,1
32.4,54.3,1002.8,1500,77,1,0
36.2,77.3,1022.9,1579,83,0,0
28.4,60.9,1015.5,2419,60,1,0
31.2,95.3,1018.7,3006,43,1,0
31.1,47.6,1012.7,636,28,0,0
38.9,70.8,1022.3,4011,72,0,0
29.7,55.5,1019.3,2833,51,0,0
30.2,56.2,1016.4,759,28,0,0
31.6,73.0,1014.2,3927,49,0,0
24.2,40.7,1018.4,289,13,0,0
39.2,96.1,1001.6,140,7,1,1
24.2,81.0,1015.7,3373,20,1,0
35.0,80.0,1001.7,1067,43,0,0
22.7,87.9,1002.0,1994,24,1,1
27.6,65.8,1006.4,2129,61,0,0
28.1,47.8,996.5,1639,57,0,0
30.4,73.8,998.0,3387,71,1,0
39.6,40.1,1005.1,3467,25,0,0
25.1,52.2,1018.4,2567,11,1,0
22.6,56.7,998.8,2779,8,0,0
23.8,59.7,995.5,3320,9,0,0
24.5,62.3,992.2,2276,4,1,0
24.7,77.5,1013.8,2059,77,0,0
39.1,40.8,1016.0,496,36,0,0
28.3,77.0,1012.9,3957,82,0,0
33.1,73.7,1003.6,1567,49,0,0
20.6,61.8,1013.9,277,23,0,0
30.7,40.1,995.7,542,10,0,0
27.1,62.4,992.0,2492,99,1,1
24.3,74.2,994.5,3874,49,0,0
39.6,93.3,1018.4,3337,96,1,1
34.5,68.2,1002.4,922,41,0,1
31.5,45.5,1000.1,40,74,0,0
22.2,71.1,991.7,2613,49,1,0
38.2,51.0,1020.1,1376,87,0,0
32.1,69.4,1011.7,4045,79,0,1
26.7,74.0,1006.5,2717,38,0,0
37.7,46.2,1018.0,1321,62,0,0
23.3,78.4,990.5,1999,9,0,0
39.7,52.0,1020.9,3703,76,0,0
25.5,76.7,1022.7,3386,56,0,0
36.4,79.1,1002.8,2592,21,0,0
33.6,78.3,1021.3,3338,99,0,0
40.0,98.1,1006.7,1511,87,0,1
25.0,96.5,993.4,278,83,0,1
38.2,84.3,998.0,1668,42,0,0
30.5,41.9,1004.4,2163,42,0,0
21.3,66.2,1019.9,1648,72,0,0
33.2,62.8,1007.7,3157,72,1,0
38.6,64.8,1000.9,2544,15,0,0
30.6,74.1,1023.2,1248,11,1,0
28.1,96.4,990.3,1365,19,0,1
28.3,91.3,1022.8,2101,11,0,0
33.5,61.2,1013.3,131,88,0,0
31.6,96.8,1022.7,2645,73,0,0
25.5,78.5,990.0,241,92,0,0
23.7,58.3,990.8,907,55,0,0
32.0,55.7,1020.5,154,79,0,0
30.5,61.1,1015.2,1067,49,0,0
33.6,56.7,998.9,3821,38,0,0
29.4,44.0,1015.4,983,9,1,0
27.9,60.2,1011.5,1441,33,0,0
25.3,56.8,1001.5,141,13,0,0
39.3,58.2,990.3,2060,84,0,0
20.1,50.2,1011.6,1985,52,1,0
32.7,48.2,995.7,282,52,0,0
27.6,41.0,1011.2,2771,0,0,0
23.7,68.3,1009.1,1661,55,0,0
23.4,53.5,1024.8,2784,74,0,0
20.8,48.1,991.2,3416,59,0,0
25.9,44.8,1012.1,999,61,0,0
32.7,80.6,1019.4,2238,25,0,0
31.6,51.8,990.1,2222,62,0,0
39.1,44.6,1021.6,183,66,0,0
35.7,69.6,1008.3,2870,45,1,0
20.7,72.3,1002.8,2739,35,0,0
21.3,54.1,1003.9,988,40,0,0
31.3,44.9,1005.3,3287,18,0,0
26.9,96.0,1013.4,2756,44,1,1
39.2,99.9,1015.3,3308,38,0,1
24.8,83.7,1023.6,2484,12,0,0
21.9,54.0,998.1,2158,76,1,0
31.7,54.4,1018.1,726,51,0,0
30.3,84.6,1015.9,2863,54,0,0
38.9,72.5,1019.5,1808,44,1,0
36.3,95.1,1013.3,3441,33,0,1
23.4,40.2,1018.2,2312,64,0,0
34.3,73.7,1000.2,3132,56,0,0
37.5,82.7,1002.6,791,74,1,0
24.8,43.7,1022.4,3918,76,0,0
26.9,76.4,1021.1,2601,84,1,1
34.8,40.7,1019.4,3526,89,0,0
25.3,91.0,1018.3,3566,58,0,0
24.7,94.5,999.1,3374,43,1,1
25.1,79.2,1022.2,2781,27,0,0
20.1,74.8,1007.1,760,12,0,0
21.7,99.2,1010.5,4086,5,0,1
20.1,99.0,1014.9,1363,88,0,1
32.2,89.9,1023.3,1146,98,0,0
28.7,50.3,992.4,3457,58,1,1
26.2,73.3,993.5,1416,23,0,0
30.0,83.7,1024.4,828,83,0,0
31.9,98.1,1021.6,2464,52,1,1
30.9,99.1,1014.8,14,9,0,1
36.3,79.7,1023.8,298,39,0,0
23.1,94.6,994.4,1591,2,0,1
26.9,59.5,998.7,3259,9,0,0
30.1,97.8,990.5,406,47,0,1
38.7,59.5,1003.1,3358,18,0,0
26.0,98.4,999.7,1625,72,0,1
27.7,80.1,1020.4,670,78,1,0
29.9,85.8,998.0,1457,99,0,1
29.8,53.8,1012.4,2955,32,0,0
37.4,73.3,992.6,971,7,0,0
24.0,83.4,1021.2,3695,72,0,0
26.7,43.8,1003.4,1285,96,1,0
24.1,49.2,991.8,1790,93,0,0
29.3,98.6,998.9,1425,55,0,1
23.9,67.4,1021.2,193,73,0,0
29.3,80.3,1017.1,1891,8,0,0
29.7,84.4,999.3,239,51,1,0
36.1,98.1,999.6,2366,79,0,1
38.2,81.2,1017.3,3151,62,0,0
32.6,59.8,998.2,2647,81,0,0
28.2,80.9,1004.1,1008,68,0,0
37.1,40.7,1009.8,1255,45,0,1
21.2,72.6,1004.6,992,10,0,0
25.1,81.9,993.6,891,31,0,0
34.3,79.2,993.6,2739,20,0,0
35.5,83.5,1007.4,324,18,0,0
29.3,92.8,1013.7,1676,85,1,1
21.7,69.0,1022.5,1256,26,1,0
29.4,73.1,1024.3,3290,29,0,0
32.5,51.9,992.7,264,16,0,0
30.6,98.4,1024.9,834,77,0,1
27.6,47.1,1003.9,2442,93,1,1
26.7,53.0,1012.8,2855,67,0,0
22.5,84.5,998.2,3159,22,0,0
21.3,78.0,1017.5,3222,30,1,1
33.5,69.5,1005.1,1884,22,0,0
23.2,48.0,992.8,770,37,0,0
24.7,47.4,1000.7,2930,61,1,1
34.3,71.1,1009.5,2544,83,1,1
27.2,63.9,1005.0,602,38,1,0
22.7,56.5,1016.0,2495,74,1,0
34.8,52.9,998.0,1910,67,1,0
36.9,62.6,990.8,2797,35,0,0
24.5,69.3,1018.2,1048,90,0,0
27.7,45.9,1017.2,4078,98,0,0
27.3,69.3,999.1,3875,27,0,0
38.1,42.9,993.2,304,30,0,0
39.8,87.2,1003.6,495,21,0,1
22.7,46.2,992.1,1742,97,1,1
27.7,60.0,1019.4,3844,42,0,0
25.6,69.8,1017.5,1929,35,0,0
23.9,53.5,1022.5,1276,61,0,0
22.2,85.8,1021.3,3298,32,0,0
26.6,50.7,991.8,4068,86,0,0
25.8,71.6,995.7,2777,95,1,1
24.2,85.5,999.7,1069,8,1,1
29.4,54.5,1009.7,39,85,0,0
35.5,58.0,1011.1,603,45,0,0
20.5,94.0,1002.7,1514,6,0,1
29.6,87.0,1012.5,479,58,0,0
32.5,54.7,999.9,168,79,0,0
23.6,53.6,1015.2,545,33,0,0
33.8,76.0,999.6,678,98,1,1
26.7,55.6,1015.3,2721,60,0,0
28.4,96.3,1022.1,2499,72,0,1
29.8,96.3,1003.5,52,1,0,1
38.9,86.6,990.9,2407,79,0,1
34.4,47.7,1020.7,2150,99,0,0
23.2,68.9,1024.4,1324,63,1,0
26.5,54.7,1002.0,1634,78,0,0
21.9,68.3,1020.5,1177,42,0,0
39.1,98.5,1013.3,2976,86,0,1
37.9,56.7,1021.2,2308,4,0,0
25.9,56.0,1011.3,2622,29,1,0
34.4,84.9,1012.4,1844,87,0,0
33.6,41.2,1022.2,2677,16,0,0
37.0,77.9,1021.3,2080,53,0,0
31.6,66.5,1023.8,959,11,1,0
38.9,61.4,999.4,2071,81,0,0
34.6,68.8,1011.3,2479,80,1,0
32.8,44.6,1003.5,1754,49,1,0
27.6,83.8,1012.7,2174,35,0,0
30.5,97.7,1000.8,2197,81,0,1
31.4,60.6,1012.1,3523,3,0,0
25.3,83.9,995.3,3987,92,0,0
33.3,41.3,1010.5,2678,27,0,0
22.1,84.9,1015.2,2,55,0,0
26.6,45.3,995.0,2786,79,1,0
29.3,54.6,1001.1,1901,78,1,0
32.0,91.3,1009.1,2648,3,0,0
36.8,65.0,992.8,2023,98,0,0
25.5,86.2,1019.1,3299,32,0,0
28.2,48.5,1012.7,909,14,0,0
29.4,64.2,1004.9,1470,14,0,0
32.3,72.7,1013.0,128,26,0,1
29.9,52.2,1014.7,2040,12,0,0
24.9,50.2,1024.8,2204,94,0,0
34.5,69.3,1022.7,2948,0,0,0
26.4,98.3,1006.4,1576,85,0,1
34.7,45.0,1012.7,2128,41,0,0
27.9,51.0,1016.5,2154,91,1,1
35.7,89.2,999.9,1742,29,1,1
27.5,94.7,1014.9,2779,21,0,0
30.7,52.9,996.2,457,69,0,0
24.2,90.3,1023.5,2404,70,1,0
20.6,52.7,1012.9,1863,13,0,0
26.6,76.5,1007.3,2200,30,0,0
34.9,49.4,1009.2,3838,19,0,0
33.6,99.0,994.2,1681,39,0,1
21.3,86.6,1016.9,1429,55,0,0
29.4,64.3,1014.7,2660,21,0,0
31.4,52.6,1020.9,2436,0,1,0
22.1,69.8,1019.2,1293,94,1,1
25.4,52.5,1003.0,2816,48,0,0
28.1,90.4,1015.6,66,41,1,0
29.1,87.7,1014.2,3655,23,0,0
38.9,44.9,1014.7,2946,53,0,0
35.0,84.2,1021.7,353,89,0,0
34.8,95.4,1017.6,3311,100,1,1
38.1,58.6,1006.3,83,8,0,0
31.7,42.7,1009.4,2309,18,1,0
32.6,48.3,1007.4,1737,51,0,0
33.8,78.6,997.9,464,71,0,0
33.6,44.0,1003.9,1875,9,1,0
24.4,65.0,994.9,2670,99,0,0
34.1,93.9,998.8,1698,97,0,1
21.2,84.1,1014.2,2279,39,1,0
29.0,70.8,1009.7,3198,50,0,0
39.8,50.8,994.5,3487,99,0,0
37.8,46.6,1002.5,1088,44,0,0
37.3,60.0,1012.6,2292,73,0,0
25.9,75.1,1014.0,950,55,1,0
35.7,44.3,1011.1,2085,44,0,0
32.4,40.5,1014.0,214,62,0,1
23.7,75.3,1007.9,2318,44,1,0
34.1,97.7,1017.8,3285,86,0,1
37.8,61.3,1003.3,294,3,1,0
30.3,77.6,999.7,1534,90,0,0
24.1,72.4,1005.0,962,59,1,1
23.4,73.5,1005.0,3909,90,1,1
28.9,88.0,1022.1,471,72,1,0
36.5,95.0,1007.0,667,71,0,0
35.6,62.2,1003.4,294,2,1,0
38.4,86.7,999.8,4085,13,0,1
25.6,67.4,997.4,3491,81,0,0
32.9,80.4,1002.4,1128,97,0,0
38.5,86.1,1011.6,3213,78,0,0
37.0,46.7,1016.0,3594,22,0,0
29.9,83.5,1012.1,2750,96,0,0
35.4,73.6,993.0,3276,49,0,0
27.6,88.5,1014.0,3196,92,0,0
37.8,67.1,1014.2,22,40,0,0
38.4,84.3,1009.6,2976,18,0,0
27.3,96.3,1001.1,2507,51,0,1
26.5,84.1,1010.2,1333,38,0,0
37.4,54.9,996.8,2881,64,0,0
22.3,52.9,994.9,2725,86,1,1
26.1,83.9,1008.7,662,63,1,0
23.3,77.0,1016.0,1078,82,0,0
29.3,56.1,996.4,96,38,0,0
32.7,86.7,1018.4,3552,28,1,0
32.0,42.1,1013.4,629,3,0,0
23.4,95.5,1002.5,353,50,0,1
31.6,60.2,1018.9,2009,72,1,0
36.1,70.5,993.0,3497,48,0,0
36.0,94.6,1015.6,891,73,1,0
31.8,81.7,1005.8,3197,65,0,0
37.6,54.3,995.6,366,60,0,0
40.0,68.0,1015.8,2880,70,0,0
25.2,65.1,1017.0,1926,12,0,0
38.9,45.9,1013.0,2005,57,1,0
23.3,67.4,1007.5,71,10,0,0
32.0,74.3,1016.0,3241,89,0,0
29.5,82.2,991.0,1127,69,0,0
20.9,54.1,1005.3,352,92,0,0
21.4,46.4,1023.5,2253,18,1,0
29.5,78.4,1017.7,1525,52,0,1
25.4,61.4,1003.1,836,5,0,0
30.7,87.2,998.1,1584,67,1,1
28.0,42.5,1015.6,1142,41,0,0
39.5,85.4,1010.9,1835,28,0,1
25.5,49.6,1009.5,4019,4,0,0
28.1,43.6,1001.6,3709,58,1,0
24.7,86.2,997.4,484,24,0,1
39.5,65.3,1015.0,3239,99,1,1
24.6,57.2,1000.4,1213,50,0,0
23.9,46.6,1004.9,2908,92,0,0
29.7,85.8,999.3,989,27,1,1
23.6,45.6,994.1,1247,7,0,0
24.6,63.8,1003.9,3696,89,0,0
38.8,90.9,1015.5,584,27,0,0
36.6,89.4,1021.1,3120,96,0,0
30.3,74.3,1003.2,1707,22,0,0
33.3,47.7,999.0,2930,70,0,0
31.4,75.3,1021.0,2847,37,1,0
24.8,80.9,1022.0,193,31,0,0
27.2,74.4,993.2,2917,56,1,0
37.7,69.1,1020.4,3721,44,1,0
21.1,95.2,1021.6,3021,22,0,1
33.4,78.5,1007.1,3841,37,0,0
25.2,68.9,997.1,2474,39,0,0
29.3,48.3,1014.2,2858,51,0,0
37.8,68.6,1014.4,12,57,1,0
24.0,61.3,1020.7,2912,59,0,0
25.1,46.6,1017.5,2176,69,0,0
22.7,70.3,1016.7,2489,14,0,0
39.7,70.9,990.7,2932,66,1,0
21.4,82.1,995.0,3529,55,0,0
27.9,87.5,1007.9,1745,46,0,0
30.8,48.1,998.5,198,10,0,0
39.8,66.4,1024.5,1701,96,1,1
20.3,67.2,1024.0,3452,91,1,1
28.1,98.7,1002.5,1462,98,0,1
29.2,99.1,996.6,1290,90,0,1
27.2,46.5,1001.0,2889,34,0,0
39.0,74.6,994.4,3436,16,0,0
26.6,56.4,995.1,64,85,0,0
21.6,90.5,1005.6,2911,35,0,0
29.1,95.8,1007.7,0,63,1,1
24.2,40.2,1017.0,3634,5,0,1
30.8,83.5,1013.5,2575,4,0,0
20.7,54.2,1010.6,2709,1,0,0
22.5,71.2,995.0,3265,77,1,0
23.4,53.4,1020.4,3243,6,0,0
24.9,82.6,1019.6,2207,76,0,0
27.4,71.7,1007.8,3341,8,0,0
21.9,51.9,1014.4,2550,61,1,0
38.0,43.7,992.4,3510,10,0,0
24.1,91.9,994.3,146,73,0,1
30.4,53.5,1008.8,2179,23,0,0
36.3,61.7,1016.7,3181,56,1,0
33.8,87.0,1020.8,2771,0,0,0
32.9,46.0,999.6,2503,94,1,1
32.7,97.3,1021.0,2179,44,0,1
26.1,95.8,1018.1,574,100,0,1
26.1,84.4,1009.9,1837,60,0,0
29.5,95.2,999.3,2134,18,1,1
28.7,45.9,991.5,2776,87,0,0
26.7,68.0,1014.5,1212,34,0,0
37.0,42.3,1021.2,2272,37,0,0
30.4,60.2,1022.7,2605,32,0,0
36.7,42.6,1005.0,2598,70,0,0
32.6,47.6,996.0,2874,84,0,0
36.0,55.9,998.3,1949,42,0,0
22.4,83.0,999.3,3664,41,0,0
38.8,66.7,990.8,1524,52,0,0
37.1,98.8,1003.4,61,81,0,1
23.1,83.0,1021.5,3116,19,0,0
24.0,68.4,992.6,2426,49,0,0
34.1,42.9,1014.1,1656,24,1,0
25.4,94.9,1000.2,431,15,1,1
40.0,82.6,999.7,3276,48,0,0
28.3,73.6,1014.2,2404,70,0,0
21.8,58.4,1003.4,3299,74,0,0
21.6,45.7,1012.6,1763,85,0,0
22.0,67.8,1004.0,2439,22,0,0
38.3,76.8,1004.0,729,64,1,0
39.4,81.7,991.2,2942,69,0,0
35.8,78.2,993.4,1910,42,0,0
34.0,51.0,1013.7,1203,51,0,0
22.4,52.4,1024.8,387,73,0,0
34.7,40.7,1023.8,3532,26,0,0
35.1,71.3,1020.6,3872,58,1,0
28.3,99.5,1023.4,1219,5,0,1
31.5,77.7,1023.2,2747,94,0,0
28.9,78.2,993.5,1919,31,1,0
21.1,61.3,1004.3,2288,94,0,0
25.3,57.8,1014.0,874,62,0,0
36.3,83.0,1002.4,1749,10,0,0
20.5,63.4,1007.9,5,48,1,0
33.2,86.3,1011.8,3851,41,0,0
22.1,64.8,994.0,3694,53,1,0
22.9,86.6,996.4,1948,40,0,0
38.1,54.7,991.8,644,82,0,0
37.3,40.9,997.4,3673,66,1,0
32.0,78.0,1012.3,204,20,0,0
20.3,100.0,1018.8,3478,6,1,1
39.6,59.1,991.0,3710,14,1,0
37.7,46.3,1011.9,3060,60,0,0
37.0,65.5,1019.1,2025,52,0,0
21.3,61.6,1017.0,1542,70,0,0
35.2,44.5,997.7,3229,66,0,0
26.8,98.1,993.5,166,32,0,1
33.7,69.9,1019.7,2750,39,0,0
33.2,59.0,1019.8,37,95,1,1
26.0,98.6,995.2,344,52,1,1
36.1,72.1,993.6,2359,26,0,0
20.8,47.2,1012.0,3210,24,1,0
39.6,98.2,997.5,1387,44,1,1
28.8,50.6,1000.8,572,58,1,0
38.0,85.0,1009.5,1559,57,1,0
26.9,93.8,1014.6,418,65,1,0
26.1,88.5,1007.9,3290,84,0,0
24.7,42.4,1015.5,3932,36,1,0
37.1,54.0,1002.8,1771,1,1,0
38.7,96.5,1017.4,3748,4,0,1
32.6,64.8,1004.4,3231,63,0,0
31.7,76.0,1013.4,3228,89,0,0
32.2,70.8,990.3,9,63,0,0
39.9,69.7,1017.1,22,26,1,0
30.8,81.1,1016.1,2802,75,1,0
22.4,94.8,1020.3,2592,66,1,0
34.6,69.2,999.7,2783,8,1,0
20.0,59.4,993.6,2374,71,0,0
32.4,48.1,1010.1,2809,56,0,0
36.4,82.4,999.1,2322,3,0,0
20.1,50.9,996.4,904,52,0,0
20.9,68.2,1019.6,1597,96,0,0
23.7,41.1,1006.0,1922,44,0,0
36.8,70.6,1004.9,1913,2,0,0
36.6,98.2,1017.2,2376,20,0,1
25.8,49.8,1014.7,813,93,0,0
27.9,85.1,1008.5,2097,2,0,0
34.4,71.0,995.9,1541,88,0,0
34.3,40.4,1012.9,3166,55,1,0
38.8,64.7,993.8,1408,0,0,0
26.4,64.3,1003.2,1370,30,0,0
24.7,99.6,993.6,250,72,0,1
36.7,88.3,1014.5,3789,60,0,0
35.2,84.8,998.9,2836,21,0,0
26.0,72.5,1012.1,601,35,0,0
38.0,42.5,1006.5,1526,39,0,0
20.7,58.4,992.2,3281,58,0,0
32.2,59.8,1023.5,1644,75,0,0
34.2,56.7,1023.5,1097,55,0,0
34.8,46.9,992.6,2727,16,0,0
35.6,83.7,1007.9,683,95,0,0
35.1,86.6,995.0,1497,62,1,1
24.2,98.1,1008.0,200,33,0,1
39.0,97.5,991.7,1465,73,1,0
29.4,46.8,1014.6,1159,34,0,0
33.0,90.3,1003.0,765,7,1,1
21.9,51.4,997.4,3844,59,1,0
20.6,44.0,1018.9,369,81,0,0
25.8,42.1,1005.4,1266,19,0,0
26.9,43.4,1021.5,2688,15,0,0
37.1,50.1,1015.7,3987,66,0,0
23.8,42.9,1015.2,2131,14,0,0
33.2,87.4,1024.8,1089,28,1,0
38.9,59.3,1003.5,1182,90,0,0
28.5,50.0,1020.2,2260,88,0,0
33.0,84.9,1012.3,407,7,1,0
23.2,65.7,1004.5,2610,79,1,0
25.2,49.1,1003.9,3178,48,0,0
36.3,79.9,1019.7,274,10,0,0
36.6,68.6,998.3,849,12,0,0
29.2,72.3,1001.7,3816,64,0,0
35.9,86.2,1024.5,1667,38,0,0
26.5,75.8,1022.1,725,68,0,1
24.7,79.3,1018.3,843,57,0,0
31.6,53.0,998.4,3136,38,1,0
37.0,99.9,1002.3,2628,29,1,1
21.9,54.3,1007.5,1206,26,0,0
30.1,91.4,1012.6,3393,15,0,0
20.3,76.6,1007.7,2070,74,0,0
24.7,68.8,1015.5,1953,22,0,0
22.1,89.5,1003.1,2687,12,1,1
39.4,90.3,1014.4,1664,21,0,0
39.2,98.8,1016.4,1514,42,0,1
31.6,76.0,1022.4,2423,96,1,1
31.2,79.8,999.2,1055,44,1,0
26.6,93.1,1019.2,533,6,1,0
27.9,90.0,999.3,2123,59,1,0
22.8,53.1,1012.1,1466,61,0,0
23.8,61.8,1006.3,606,3,0,0
21.7,99.3,996.8,2636,8,0,1
30.8,50.4,1019.9,453,54,0,0
28.4,71.1,1008.6,2460,18,0,0
27.1,71.0,1017.4,4038,2,0,0
37.6,57.9,1009.6,2546,8,0,0
33.8,96.6,1004.1,2168,89,0,1
27.5,80.5,1023.1,1451,95,0,0
22.9,91.7,999.2,2037,0,1,1
34.0,40.4,1023.5,2305,33,0,0
33.4,40.1,1009.8,3037,55,1,0
31.0,95.7,1009.8,1526,44,1,1
40.0,86.1,991.9,1967,81,1,1
32.9,41.5,1003.3,2116,21,0,0
35.9,42.0,1016.8,1286,8,0,0
35.2,85.8,1004.8,2816,60,1,1
26.1,55.0,991.6,1593,89,0,0
27.4,49.0,1021.0,3046,85,1,1
28.8,61.6,1008.5,2716,31,1,1
20.5,90.1,993.8,1681,58,0,1
26.2,54.4,1001.5,2647,76,0,0
35.0,47.1,990.1,1522,75,1,0
29.7,98.9,999.7,526,78,0,1
30.0,97.5,996.2,351,97,0,1
21.7,85.5,990.3,1532,91,1,1
29.1,56.8,1012.1,1005,99,0,0
27.2,62.6,995.4,3734,76,1,0
23.6,54.6,1018.5,104,51,1,0
32.2,46.3,1017.9,473,2,0,0
36.4,54.5,1020.0,3867,50,0,0
29.2,84.8,993.5,542,48,0,0
36.7,56.9,1006.5,3693,3,0,0
29.1,68.7,996.0,3518,100,0,0
21.0,65.5,1023.4,556,55,0,1
23.8,84.8,1013.0,2067,95,0,0
33.4,44.0,1018.1,1609,98,0,0
23.6,82.5,1010.2,1138,43,0,0
25.0,72.0,1010.3,3745,53,1,0
39.4,95.8,990.5,2835,67,0,1
33.8,64.0,1008.4,3830,32,0,0
35.9,69.7,996.7,1908,44,0,0
35.9,59.3,1019.3,54,21,0,0
23.6,42.0,1012.3,178,92,0,0
37.3,47.0,1006.3,1378,27,0,0
24.4,58.8,1013.4,2777,81,0,0
29.0,97.8,993.1,2021,17,0,1
26.7,66.1,1020.2,2400,79,0,0
30.6,67.7,1009.5,3172,4,0,0
38.9,66.8,1018.8,326,21,0,0
27.6,67.7,1020.8,3337,43,0,0
26.6,66.9,1013.5,1431,44,0,0
29.4,95.2,997.9,3292,39,0,1
29.7,57.8,1015.3,3862,43,1,0
23.8,64.2,999.5,1739,52,0,0
33.6,85.9,1014.8,249,2,0,0
21.1,84.6,1017.8,937,10,1,0
29.3,99.9,1009.6,289,87,1,1
32.0,75.3,1019.3,2500,77,0,0
30.2,40.9,1022.7,639,97,0,0
25.8,71.9,1010.5,311,73,0,0
26.8,86.7,1010.4,3318,76,0,0
24.8,64.5,1006.8,3722,37,0,0
37.0,90.2,997.7,2370,68,1,1
29.3,94.6,993.1,348,13,1,1
24.1,96.3,1017.9,524,47,0,1
21.8,97.7,993.7,3013,44,0,1
23.8,94.9,1004.7,3170,87,0,1
21.4,73.4,1002.0,751,2,1,0
40.0,52.3,1011.7,3160,37,0,0
24.0,78.8,997.3,2279,10,0,1
35.2,96.7,1011.2,95,18,0,1
32.4,97.0,997.4,3790,48,0,0
29.6,94.2,1012.2,438,43,1,0
30.4,61.9,1004.2,2392,4,0,0
26.1,60.2,1022.4,3162,53,0,0
23.8,81.7,996.8,3759,51,0,0
35.8,76.4,1011.8,222,54,0,0
30.6,50.2,994.2,3358,78,1,0
30.8,94.3,1008.9,2465,2,0,0
30.3,72.0,1020.9,1727,82,0,0
20.8,50.2,990.2,597,85,0,0
30.2,51.4,994.0,3106,39,0,0
23.6,63.4,1011.9,2957,55,0,0
27.1,63.0,1014.3,10,15,0,0
33.0,52.2,990.9,982,27,0,0
33.8,47.0,1006.7,3994,55,0,0
35.3,83.1,1021.6,619,3,0,0
28.6,52.5,999.9,1811,4,1,0
21.1,91.6,1002.2,1613,15,1,1
36.7,96.6,1020.4,1592,75,1,1
25.0,69.9,1007.2,2556,19,0,0
29.7,66.7,993.5,2529,91,0,0
28.1,92.5,1012.6,115,27,0,0
26.8,62.8,1023.2,266,87,0,0
38.3,59.7,998.9,3594,55,0,0
29.4,99.9,1015.2,3947,20,1,1
25.5,94.7,995.0,2395,25,0,1
22.4,76.7,1015.7,2406,50,0,0
31.1,74.7,1016.1,2347,49,0,0
32.6,59.0,1008.2,350,28,0,0
34.8,99.4,1021.3,520,37,0,1
39.7,79.5,1014.0,1520,25,0,0
39.8,59.9,997.4,792,43,1,0
22.6,61.5,1007.9,3992,53,0,0
28.4,47.0,1019.6,873,60,0,0
20.9,59.2,994.9,1004,9,0,0
28.1,70.6,1017.3,2760,28,1,0
32.4,79.3,996.3,1043,91,0,0
26.0,91.2,1010.6,663,66,1,0
30.8,93.4,1001.0,1774,35,0,1
38.6,73.1,1020.5,674,80,0,0
22.4,85.2,1004.4,1201,36,0,1
22.9,61.9,1017.9,3440,35,0,1
36.8,91.1,1013.7,1254,29,0,0
30.6,78.1,998.5,1958,34,0,0
39.9,88.2,1008.7,1417,6,0,0
22.6,82.1,1019.3,2271,49,0,0
38.8,77.1,1011.3,599,80,0,0
21.7,91.4,992.0,3915,79,0,1
21.3,61.7,1003.8,253,55,0,0
38.1,81.6,995.9,1019,80,0,0
23.9,43.0,996.9,189,64,0,0
28.3,59.8,997.8,707,58,0,0
28.3,93.8,993.6,2535,8,0,1
23.1,90.8,1008.6,2713,52,1,0
38.4,69.2,1004.9,2742,15,1,0
33.0,57.0,1002.7,2599,6,0,0
29.8,80.7,1017.5,129,8,1,1
29.1,56.9,1024.7,2201,44,0,0
25.7,97.5,1021.7,1727,55,0,1
38.4,41.2,1020.0,3701,78,0,0
27.8,74.5,1017.1,1203,66,1,0
28.5,92.0,996.5,3609,70,0,1
39.6,82.8,1012.0,751,77,0,0
31.7,72.5,999.3,2011,51,0,0
27.3,55.3,996.6,400,14,0,0
38.4,52.3,1024.9,1741,16,0,0
39.6,68.6,994.1,1878,95,1,1
22.5,74.1,1022.5,369,66,0,0
20.8,84.1,1024.8,2596,17,1,0
28.0,81.6,1016.9,2716,29,0,0
24.4,89.6,1010.9,2178,83,0,0
38.9,75.0,996.6,3097,83,0,0
33.1,57.3,996.1,4078,5,0,0
30.3,56.5,1004.3,2818,39,0,0
31.0,43.9,1017.0,3538,58,1,1
35.0,78.4,997.9,1448,43,0,0
20.4,58.6,1022.3,3379,81,0,0
36.4,60.1,1010.8,3749,5,0,0
36.8,65.1,995.0,3781,2,1,0
39.5,70.9,1020.8,1311,93,0,1
22.0,51.8,1024.8,1705,80,1,0
34.6,85.3,1003.3,459,87,0,1
33.4,88.4,998.2,3834,22,0,0
39.1,52.1,1001.7,3809,80,0,0
20.0,44.4,1018.8,512,62,0,0
29.2,96.7,1011.1,691,2,0,1
28.2,44.2,1021.8,751,48,0,0
36.0,73.5,998.7,3961,72,0,0
35.5,43.5,1023.5,1358,86,0,1
34.3,46.2,1016.5,716,97,0,0
34.5,61.1,1010.8,2433,22,0,0
20.7,78.6,1023.5,2089,26,1,0
26.3,44.5,996.4,3063,78,1,0
32.2,68.4,993.3,3994,35,0,0
22.7,93.3,1020.1,487,31,1,0
21.0,93.1,993.4,2158,33,0,1
32.8,96.8,1015.9,3279,24,0,1
34.8,43.4,1002.8,2847,38,1,0
25.1,44.9,1021.1,2693,37,0,0
21.4,91.3,1022.0,2182,52,0,0
38.6,53.1,1014.0,553,77,1,0
24.0,92.2,999.6,61,98,1,1
37.0,63.8,1012.2,564,22,0,0
37.7,43.9,1024.1,2024,36,1,0
31.0,85.5,1014.0,1579,65,0,0
33.7,76.7,1008.8,613,47,0,0
35.0,53.7,1000.2,436,47,1,0
24.6,96.1,1017.0,1651,69,0,1
34.3,87.7,994.8,880,69,0,1
32.1,68.4,1008.3,3030,39,0,0
21.4,89.7,1023.4,1718,93,0,0
24.3,81.6,1017.5,861,56,0,0
38.1,99.0,1004.2,2059,79,1,1
36.2,86.5,1022.4,2821,58,0,0
29.5,74.2,996.6,2673,84,1,1
21.7,89.2,1022.0,2553,39,1,0
23.5,48.0,1002.3,1211,60,0,0
39.4,91.6,1023.9,959,21,0,0
31.2,73.6,996.5,2774,38,1,0
36.4,53.3,1014.0,3077,52,1,0
40.0,53.4,1004.9,3607,8,1,0
25.7,67.8,1022.4,268,26,0,0
35.6,45.7,1015.3,1201,54,1,0
29.8,50.0,1015.3,2465,76,0,0
38.2,77.9,1006.5,3818,91,1,1
26.4,43.9,1015.6,3933,47,0,0
21.5,55.5,1009.6,2574,22,0,0
27.4,41.4,1008.2,1243,89,0,0
20.7,82.4,994.2,453,55,1,0
22.5,71.3,1020.4,455,63,0,1
30.1,91.7,1019.5,2409,43,0,0
23.3,89.4,1013.6,1071,81,0,0
30.4,40.6,1012.6,3620,39,0,0
25.2,74.7,995.8,941,79,0,0
23.8,48.7,1013.6,4052,94,0,0
24.6,89.8,996.3,2081,73,0,1
30.0,96.7,1018.1,2603,48,0,1
23.9,80.9,1001.3,3871,65,0,0
27.2,63.5,995.6,304,89,0,0
24.9,92.3,997.6,3589,24,1,1
26.5,81.8,1003.9,439,23,0,0
23.1,64.1,1003.2,1175,83,1,0
37.7,98.4,1005.2,3743,33,0,1
28.3,83.1,1004.0,3728,50,1,1
25.7,61.3,992.3,2067,65,0,0
30.5,80.7,995.1,3544,23,0,0
20.3,50.5,991.5,2787,18,1,1
39.7,64.3,1007.0,1074,57,0,0
25.1,53.0,1018.4,219,89,0,0
24.5,60.1,1007.9,1924,62,1,0
28.1,96.6,1014.4,1179,53,1,1
39.8,78.1,1016.1,1566,7,0,0
23.7,53.2,1000.3,1651,87,0,0
35.3,89.1,1011.6,1541,14,0,0
31.7,64.4,1023.3,3916,38,0,0
38.6,55.9,1021.6,400,90,0,0
33.2,66.1,1017.3,3857,57,0,0
22.1,94.5,990.7,2275,10,0,1
31.3,99.0,1005.2,2274,21,0,1
24.6,40.5,1004.8,26,72,0,0
23.7,93.5,990.7,1605,5,0,1
38.2,60.3,990.8,667,40,0,0
20.7,44.8,1016.3,1177,82,0,0
36.3,62.8,1024.2,876,28,0,0
38.6,96.0,1016.8,3511,12,0,0
32.2,66.7,1016.1,74,39,0,1
35.5,71.4,1000.2,1186,9,0,0
20.6,84.8,1024.3,3649,78,1,0
21.8,44.7,998.8,3570,66,0,0
22.8,65.8,1013.1,1488,76,0,0
37.7,80.6,997.7,1974,97,1,1
29.8,60.5,1016.6,4076,33,0,0
30.1,49.4,1009.7,2948,86,0,0
22.6,64.7,991.3,2591,43,1,0
24.5,53.7,1010.7,3705,40,0,0
31.0,83.8,1015.1,578,8,0,0
20.6,73.9,1023.6,2662,61,0,0
32.2,61.6,1019.1,1699,27,0,0
36.5,40.0,1024.1,2084,24,0,0
24.3,78.4,1010.2,1311,41,0,0
29.0,97.1,996.3,1100,77,1,1
33.4,97.6,1011.5,3686,78,0,0
27.8,90.9,1008.4,1317,34,0,0
40.0,91.3,1017.3,1330,90,0,0
34.0,65.4,997.6,275,13,1,0
26.0,42.7,1000.8,1941,92,1,1
39.7,99.4,995.0,1163,48,0,1
24.1,74.0,1019.8,983,88,1,1
29.1,46.2,996.7,97,77,0,0
26.2,43.3,1017.8,1016,35,0,0
27.6,53.8,1008.5,2337,0,0,0
29.9,97.3,1005.2,1188,3,1,1
27.8,56.4,1008.2,262,99,0,0
26.0,90.2,1013.4,798,26,0,0
29.1,62.8,1017.3,2731,84,1,0
27.5,64.1,1011.9,1199,68,0,0
27.2,60.5,1011.6,1301,78,0,0
20.3,62.4,1014.5,470,58,0,0
21.8,67.2,1017.1,890,12,0,1
33.4,94.9,1020.7,3841,14,1,0
29.3,41.7,1005.9,96,51,0,0
31.6,62.4,1009.5,1160,15,0,0
32.4,95.4,1009.0,637,16,0,1
23.8,99.9,1003.5,3782,84,0,1
26.6,44.0,1003.6,3268,96,0,0
26.6,86.2,1004.6,430,37,1,1
36.0,67.5,997.3,2343,50,1,0
31.1,54.1,1022.6,3919,59,0,0
22.3,73.8,999.8,2028,53,1,0
35.4,94.3,1022.8,2315,57,0,0
34.8,54.5,1006.1,1602,0,1,0
30.7,61.5,1003.0,2482,85,0,0
38.1,86.9,997.7,2090,25,0,1
36.8,49.5,1024.2,817,17,0,0
34.8,65.9,1019.3,240,13,1,0
35.1,70.1,991.9,1875,22,1,0
27.9,53.4,1019.0,1604,45,0,0
25.5,50.7,1014.7,2924,75,1,0
20.1,68.0,1015.7,655,25,0,0
31.6,42.8,1013.6,1466,44,1,0
38.9,80.9,1013.3,1602,66,1,0
26.2,70.0,994.6,2085,34,0,0
23.0,59.9,995.6,3025,0,1,0
36.9,64.8,998.5,2897,78,1,0
21.8,74.9,1014.8,1852,11,1,0
25.2,55.4,1015.7,2068,50,1,0
37.3,84.3,991.3,2366,92,0,0
30.3,63.8,999.3,2488,63,0,0
23.5,95.5,1005.1,2631,66,0,1
40.0,43.7,992.2,1233,25,0,0
22.5,75.1,1017.0,3876,35,0,0
30.3,94.3,1010.7,1246,79,1,0
28.0,68.5,1017.8,3542,42,0,0
30.5,57.7,1003.3,1552,15,0,0
28.7,97.2,991.9,2489,73,0,1
24.7,63.6,1015.6,2331,27,0,1
20.8,41.1,998.2,4094,19,0,0
25.9,66.5,994.7,223,18,0,0
22.3,48.8,1014.7,1950,40,0,0
24.1,68.3,1001.2,3716,85,0,0
37.6,52.5,1001.4,2576,27,0,0
39.6,45.9,1006.6,3100,70,0,0
39.4,62.6,999.2,323,85,0,0
25.6,68.5,1017.4,3287,15,1,0
25.8,52.2,998.3,3564,9,0,0
30.0,43.4,995.7,2525,28,1,0
34.9,75.6,996.8,2765,95,0,0
32.0,78.4,1002.8,1565,85,1,1
35.5,73.5,1005.8,695,75,0,0
28.9,94.8,1008.0,153,82,0,0
36.8,65.0,1015.2,754,15,0,0
32.5,50.0,997.1,2040,54,0,0
30.9,89.6,1024.2,3410,51,0,0
28.6,87.4,1017.6,3353,45,0,0
38.0,85.4,1001.3,1986,84,1,1
20.2,62.1,996.0,3866,13,0,0
32.0,82.5,991.1,2880,99,0,0
21.3,89.7,994.0,3191,73,0,1
29.3,61.7,1006.2,2445,50,0,0
21.9,64.6,997.1,4081,19,1,0
31.9,79.9,999.6,1538,61,0,0
29.5,97.8,1008.6,374,73,1,1
36.4,52.0,1009.2,3628,91,0,0
36.0,64.0,997.9,3860,21,0,0
34.0,94.7,991.7,181,20,1,1
35.4,55.0,999.4,505,14,1,0
29.4,93.0,1009.9,1541,67,0,0
32.3,71.6,998.8,1101,76,1,0
25.3,89.2,995.9,484,88,1,0
35.5,53.9,1017.1,166,72,0,0
24.1,53.4,1016.5,3136,11,0,0
39.5,79.9,1015.5,1257,36,0,0
25.7,63.0,997.9,894,17,0,0
29.0,77.8,1005.4,490,88,0,0
29.8,45.4,997.9,2189,46,0,0
32.1,58.9,1007.2,1135,52,1,0
25.3,60.2,1012.1,3853,96,1,1
22.6,41.2,1010.7,1647,69,0,0
32.8,73.3,1007.3,2689,58,0,0
33.0,61.6,1015.3,2078,66,0,0
36.0,93.8,990.6,442,87,0,1
27.5,64.6,1001.0,2350,19,1,0
27.4,91.4,1022.3,1515,62,0,0
33.1,92.7,1010.8,2764,52,1,0
24.2,61.1,1017.5,223,1,0,0
22.0,87.9,1006.0,3888,84,0,0
25.3,81.6,996.0,2224,33,0,0
23.3,81.3,1016.4,2947,67,0,0
20.6,73.4,1005.4,883,51,0,0
34.6,86.6,1014.0,160,40,0,0
29.1,48.3,992.9,1656,47,0,0
34.2,87.1,1018.4,2942,86,1,1
35.0,68.7,1003.0,3441,95,0,1
40.0,96.1,999.4,4022,82,0,1
20.7,97.2,1003.6,2530,70,0,1
21.4,46.7,996.9,2389,49,0,0
39.8,57.5,1001.0,1216,86,0,0
30.2,71.7,993.7,3659,2,0,0
32.7,76.1,1015.5,3489,26,1,0
33.8,74.6,1024.9,1571,36,0,0
28.7,93.9,993.9,960,0,0,1
27.6,94.4,1020.1,3784,46,0,0
31.2,45.6,1022.8,2700,33,0,0
22.7,63.4,1011.8,280,100,0,0
30.7,85.4,1000.9,4,12,0,1
23.7,45.1,1016.7,2303,95,0,0
38.1,94.0,1010.5,1989,19,1,0
30.5,52.2,1019.8,2093,82,0,0
22.9,67.5,1006.8,203,83,1,1
37.1,41.3,1011.8,124,78,0,0
38.6,93.6,1012.2,3943,31,1,0
39.1,75.3,994.7,1467,46,1,0
24.6,71.3,1006.7,3204,62,0,0
20.7,88.2,994.6,2121,4,0,1
20.5,72.8,996.6,2197,87,0,0
35.9,76.2,998.9,3821,63,0,0
36.5,73.5,996.8,308,95,1,1
20.5,80.2,993.4,2032,85,0,1
23.0,47.1,1016.6,1820,25,0,1
39.1,86.4,1003.6,1779,77,1,0
38.8,99.0,1009.5,2411,63,1,1
27.9,76.6,997.4,2174,94,0,0
22.4,71.8,997.6,621,61,0,0
31.6,52.1,1002.1,1903,62,0,1
25.6,68.3,998.8,2716,100,0,0
28.7,43.5,992.2,3752,63,0,0
39.3,97.4,1003.0,1877,39,0,1
32.3,41.6,1011.9,1589,17,0,0
36.1,59.9,1007.9,794,10,0,0
25.9,53.1,1014.1,2664,67,0,0
29.6,69.2,993.6,722,75,0,0
26.7,56.1,999.0,2680,47,1,0
20.8,53.7,993.2,2281,87,0,0
38.3,48.2,1000.2,3691,29,0,0
28.3,84.1,1014.4,4094,45,1,0
38.5,73.4,1003.4,1944,89,0,0
39.4,67.9,1023.9,2318,70,0,0
34.6,50.1,992.2,1985,89,0,0
37.4,59.8,1003.6,210,56,0,0
38.5,83.4,1010.7,3711,81,1,1
23.6,67.1,1014.5,3563,5,0,0
23.6,60.0,990.5,2737,11,0,1
21.6,79.8,995.9,1343,86,0,0
26.9,59.9,1005.7,3842,62,1,0
22.0,82.6,1002.5,1744,97,0,0
21.6,78.5,1019.6,1077,36,1,0
27.2,97.7,1011.4,326,37,0,1
35.6,71.6,1000.1,573,36,0,0
28.2,59.8,999.1,622,61,0,0
36.8,53.0,990.3,428,14,0,0
23.1,82.4,1010.1,934,47,0,0
24.3,93.5,1000.5,538,97,0,1
37.4,79.2,1008.0,1548,36,1,0
31.2,75.3,990.1,728,51,0,0
22.4,77.0,1019.8,3387,48,0,1
39.4,78.8,1021.0,1794,78,1,0
20.3,52.5,1003.4,270,18,1,0
34.7,64.9,1015.1,578,10,1,0
23.8,45.6,1001.1,4004,49,1,0
38.7,59.6,1023.9,348,13,0,0
21.6,70.8,992.4,2987,6,0,0
31.3,58.1,993.7,2372,68,1,0
32.9,43.1,997.1,1705,5,0,0
37.3,56.2,1024.7,571,12,1,0
26.2,67.5,1006.8,1124,34,0,0
29.4,99.0,998.6,1581,92,0,0
33.0,52.0,1010.8,3845,38,0,0
35.2,91.8,1007.2,1822,94,0,0
28.6,65.2,1012.2,3144,79,1,0
22.1,56.5,1008.7,1782,38,0,0
20.2,59.2,1024.2,3948,9,1,0
31.4,64.5,1005.1,541,19,0,1
20.7,53.4,1014.9,1788,52,0,0
21.7,57.0,1000.3,222,5,1,0
34.9,97.1,1002.1,3412,50,0,1
25.9,57.7,1008.9,2004,80,1,0
39.3,42.3,1024.9,1303,93,1,1
35.5,69.2,1007.3,2305,76,0,0
33.8,65.1,1024.3,2051,51,0,0
26.1,62.9,1013.1,3611,95,0,0
38.1,88.8,999.7,1872,7,1,1
28.7,72.2,1001.1,1414,39,1,0
39.5,72.8,999.8,1759,7,1,0
34.4,52.8,1024.8,4062,62,0,1
27.7,76.5,1014.6,3408,36,0,0
33.0,90.8,993.5,1246,86,0,1
38.7,41.4,1014.1,3563,19,0,0
24.5,57.6,1002.1,3738,11,0,0
31.4,98.7,999.2,3611,0,0,1
37.4,46.2,1022.8,141,36,0,0
25.4,49.9,1008.6,2613,68,0,0
23.4,55.9,999.0,1153,17,0,0
33.3,98.1,1013.6,2942,36,0,1
35.3,43.6,1023.3,1117,96,0,0
33.3,59.5,1018.7,1565,84,0,0
28.4,44.2,1012.0,405,54,0,0
28.7,70.7,1003.3,1788,20,0,0
36.7,66.1,995.5,3034,59,1,0
35.3,69.6,994.6,433,68,1,0
30.6,54.0,1024.8,2577,92,1,1
25.9,67.8,991.4,216,23,0,0
24.2,49.8,1012.1,1829,1,0,0
38.0,89.7,1024.7,2706,46,0,0
35.2,49.7,998.5,1804,25,1,0
31.5,43.6,1013.4,1950,91,0,0
25.5,55.3,1001.3,3833,24,1,1
35.1,75.7,1022.1,1635,24,1,0
30.3,54.8,1010.5,1449,99,0,0
28.6,68.5,1018.0,762,37,1,0
27.6,60.9,1015.6,3114,65,0,0
37.9,42.0,1004.2,61,58,0,0
20.5,88.7,1016.6,3571,59,0,0
39.1,72.1,1018.4,2385,74,1,0
30.2,93.2,1013.7,2950,54,0,0
34.8,68.2,993.6,1111,54,0,0
24.5,98.1,995.2,1449,28,0,1
24.4,67.4,1011.6,622,28,0,0
36.0,44.0,1009.2,2091,74,1,0
25.0,93.7,1021.8,1933,99,0,0
32.2,62.3,1019.1,3107,25,0,0
25.1,61.7,998.8,3100,93,1,1
33.9,75.7,1001.1,1533,67,1,0
25.0,50.7,1000.5,2063,91,0,0
36.1,83.1,1005.6,4029,97,0,0
36.4,90.6,1007.6,645,55,0,0
31.0,41.3,1016.8,2233,40,0,0
38.3,50.5,1005.6,497,41,0,0
36.1,49.3,1023.6,1615,45,1,0
31.6,47.5,990.9,3712,69,1,0
23.3,75.3,1011.4,826,69,1,0
28.6,73.6,1005.0,231,99,0,0
37.5,78.0,1025.0,3447,83,0,0
34.2,50.0,1010.2,1820,78,0,0
38.9,57.2,1024.7,2085,29,0,0
26.0,90.6,990.6,2738,21,0,1
31.9,76.4,1022.8,3722,67,1,0
33.6,81.6,1020.6,311,36,0,0
28.3,51.7,1009.6,2544,55,1,0
34.0,56.1,999.0,1254,11,0,0
21.5,82.1,997.5,2408,85,1,1
28.5,41.9,993.8,3634,55,0,0
33.2,41.3,1018.5,3724,92,0,0
30.8,84.1,1011.0,1907,94,1,1
25.3,86.7,1012.3,3708,18,1,0
32.4,68.7,1021.2,1204,1,0,0
38.9,56.0,1012.5,1686,100,1,1
32.9,88.8,1004.0,968,28,1,1
30.8,97.1,1003.9,2715,70,0,1
40.0,46.6,1007.4,3674,0,1,0
31.9,78.0,1002.5,2096,2,0,0
20.8,76.5,1017.3,1268,40,1,0
30.7,98.8,1011.7,457,41,0,1
29.3,43.9,1015.3,1570,61,0,0
23.0,41.8,995.9,2920,34,0,0
24.3,70.6,993.3,3039,30,0,0
27.7,46.4,990.2,579,5,0,0
26.8,46.7,997.5,2285,45,0,1
38.4,50.0,1024.1,1758,31,0,0
27.7,42.6,1016.5,3124,26,0,0
23.6,99.5,1004.8,2144,56,1,1
29.2,93.5,1000.3,384,35,0,1
21.1,62.4,1005.8,3519,84,0,0
37.8,99.8,1019.7,726,89,1,0
36.3,75.2,1003.4,1618,8,1,0
35.4,48.8,1003.1,1758,42,0,0
20.9,49.8,1016.9,1402,17,0,0
38.2,83.3,1022.8,1395,89,0,0
22.0,52.7,990.3,2643,35,1,0
21.9,62.2,1011.2,2348,23,0,0
40.0,55.2,1009.1,2309,53,0,0
35.5,85.0,1022.6,2845,43,0,0
30.7,61.7,1021.5,554,64,0,0
34.4,84.1,1022.8,883,71,1,0
37.3,40.5,1021.8,518,0,1,0
37.0,80.0,1007.4,2307,45,0,0
38.9,43.3,1023.2,2465,87,0,0
37.1,61.3,1024.1,228,26,0,0
37.8,88.0,1024.6,5,94,1,1
23.7,51.7,1018.6,774,24,1,0
26.0,79.7,1020.8,63,94,0,0
22.3,77.6,1017.1,4081,67,0,0
28.7,41.2,1019.2,3089,80,0,1
28.3,41.2,1020.8,3049,28,0,0
34.6,60.1,1003.2,1097,70,0,0
35.5,41.6,990.9,3259,1,0,0
28.1,63.6,996.9,3420,45,0,0
20.3,72.0,1010.7,937,76,0,0
33.7,52.6,996.3,2120,90,0,0
30.8,47.5,1023.7,1998,54,1,0
25.0,92.5,1009.4,4067,72,0,0
34.3,51.1,1024.1,3414,1,0,0
22.9,72.8,1015.7,781,66,0,0
37.4,98.3,991.0,497,100,0,1
24.5,44.0,1023.7,524,34,0,0
32.3,43.0,1012.0,395,92,1,1
37.5,60.5,991.7,888,45,1,0
26.1,93.7,1012.7,3235,74,0,0
31.7,66.0,999.6,2925,74,1,0
31.9,65.6,994.5,40,30,0,0
25.0,56.4,996.9,1583,62,0,0
35.5,80.4,1011.8,833,19,0,0
27.2,87.7,998.7,2192,20,0,1
25.5,75.4,1016.4,1593,64,1,0
28.5,69.5,999.5,1869,15,0,0
30.4,67.3,1011.8,1629,19,0,1
33.1,96.8,1005.2,885,69,0,1
27.6,40.4,1010.2,934,73,0,0
23.0,63.6,1022.7,2533,14,0,0
35.5,79.2,998.0,3485,17,0,0
21.9,94.7,991.9,4080,0,0,1
21.8,62.1,1022.0,1891,60,0,0
20.1,62.0,1024.1,2507,69,1,1
26.0,62.2,1024.5,2155,27,0,0
23.2,75.4,1011.2,2941,52,1,0
33.8,94.3,998.3,196,0,0,1
20.5,72.1,996.9,557,9,1,0
24.4,45.0,994.7,1678,74,0,0
33.4,91.0,1006.4,2870,57,0,0
29.2,95.1,995.8,1585,90,0,1
23.2,63.5,1006.3,1657,46,1,0
40.0,48.8,1011.7,1630,54,0,0
28.8,56.1,1015.4,2992,28,0,0
32.5,98.8,1005.1,3729,73,0,1
22.9,64.9,997.6,1855,64,1,1
21.7,70.6,1008.6,3420,79,0,0
23.7,75.3,998.0,3750,71,1,0
21.7,47.3,1002.0,1864,54,1,0
28.2,95.9,1019.4,147,62,0,1
23.8,93.8,1013.7,3515,9,1,0
35.9,50.7,1006.2,509,48,0,0
24.3,87.3,1006.4,2427,29,0,0
22.4,45.4,1024.7,3967,98,1,1
38.9,66.8,1015.8,2107,67,1,0
26.1,40.9,1006.6,778,20,0,0
33.0,44.6,993.6,1723,59,0,0
32.1,92.1,996.5,3467,5,0,1
26.9,84.9,1010.1,2995,82,0,0
25.5,81.4,995.0,2964,97,0,0
35.0,83.4,1007.4,1303,79,0,0
22.9,63.4,1016.3,1963,61,1,0
28.3,40.7,997.7,1330,76,0,1
36.9,89.3,1006.3,1799,57,0,0
28.6,70.6,993.6,1723,41,0,0
29.1,87.8,991.7,60,83,1,1
24.2,74.6,999.2,411,26,0,0
20.5,94.7,996.5,1163,1,1,1
35.0,56.1,1003.5,1516,90,1,1
29.7,72.5,992.9,778,1,0,0
20.5,72.6,1023.5,3381,15,0,0
34.1,60.7,1001.5,880,12,1,0
29.0,49.5,1018.3,134,50,0,0
24.0,76.2,1015.1,2766,36,0,0
28.4,56.2,1018.3,2956,11,0,0
24.7,72.6,997.1,1630,57,0,0
34.7,81.5,1020.0,1008,39,1,0
31.6,77.5,1016.1,3132,92,0,0
33.4,81.5,1009.8,3160,17,1,0
30.3,59.0,999.0,914,1,1,0
31.4,75.6,1024.0,2392,8,1,0
39.9,75.6,1013.1,1102,5,0,0
28.4,40.9,991.0,2747,77,1,0
28.0,53.9,998.3,3918,87,1,1
38.1,75.3,1022.4,1147,87,1,1
27.7,95.5,1019.2,3422,94,0,1
36.0,56.5,1019.1,81,94,0,0
25.0,59.3,991.1,2391,59,0,0
21.2,95.4,990.3,3802,100,0,1
36.1,85.7,1022.1,1386,92,0,1
36.8,67.6,1007.0,2748,92,0,0
22.4,44.1,1010.8,3655,57,0,0
38.7,47.6,994.0,226,53,0,0
39.5,58.2,999.5,1366,10,0,0
32.9,82.4,1012.0,1442,37,1,0
26.1,48.9,1002.7,2125,30,1,0
39.6,89.5,1008.2,1840,30,0,0
32.9,59.6,1015.0,1710,94,0,0
26.1,84.9,1016.6,94,20,0,0
25.6,68.5,999.7,99,74,0,0
37.8,78.1,1021.0,1716,21,0,0
23.6,65.2,1021.0,3335,26,0,0
30.6,61.3,992.5,2233,28,1,0
22.2,40.2,995.7,2052,75,0,0
29.1,86.4,1003.6,1965,33,0,1
26.6,97.4,1013.0,2971,38,0,1
32.3,73.8,1003.4,279,49,1,0
30.3,66.4,1008.5,2272,63,0,0
25.9,51.2,1015.5,947,1,0,0
21.3,59.4,993.6,2665,24,0,0
39.1,85.3,1015.0,1690,4,0,0
27.2,93.0,1004.1,236,28,1,1
21.3,78.3,1000.5,3277,83,0,0
26.6,58.9,1016.8,1337,49,1,0
24.1,82.7,1024.6,262,86,0,0
35.2,77.2,1005.8,2788,94,0,0
36.9,87.2,1019.5,1778,85,0,0
26.8,96.0,1010.8,1440,29,0,1
32.2,95.4,990.4,1903,72,0,1
32.5,97.5,1011.1,1806,6,0,1
25.0,89.2,1007.8,3955,0,0,0
36.8,57.4,1015.3,1939,93,0,0
39.8,97.8,1024.3,78,46,0,1
29.2,96.2,998.7,2596,17,0,1
39.3,86.1,993.4,2508,37,1,1
36.5,61.1,1023.2,828,44,1,0
31.5,92.5,1018.9,879,98,1,1
34.6,73.8,1002.2,4019,59,0,0
30.7,57.9,1006.7,936,6,0,0
29.4,93.6,999.4,1709,39,0,1
33.3,54.7,994.5,1173,29,0,0
32.9,52.7,994.1,2163,1,0,0
28.0,60.0,1013.0,194,32,0,0
24.2,45.3,1003.1,3458,25,1,0
32.7,54.0,1002.8,234,13,0,0
38.7,76.6,1016.4,1257,24,0,0
33.6,94.3,999.3,846,16,0,1
22.5,55.9,999.2,3351,5,1,0
22.7,42.0,1012.9,922,89,1,1
25.0,97.3,996.4,602,78,0,1
29.2,49.9,1020.2,1595,92,1,1
21.2,90.4,998.6,4092,62,0,1
30.7,48.2,994.1,3381,66,0,0
25.5,41.1,1016.5,747,63,1,0
34.3,61.2,1011.4,2693,68,0,0
35.4,83.7,1019.4,3929,49,1,0
39.0,90.1,1021.0,973,5,0,0
38.6,57.9,1000.9,388,1,0,0
38.8,71.7,1020.4,1182,48,0,0
21.4,50.6,1001.3,2592,3,0,0
23.0,55.1,1010.4,3151,82,0,0
27.0,71.5,1003.2,715,53,0,0
26.7,66.1,1001.0,2402,56,0,0
25.4,71.2,1007.4,639,65,0,0
33.7,45.1,1016.4,2061,9,0,0
27.9,62.4,997.7,1396,46,0,0
38.2,99.0,991.0,2365,5,0,1
26.4,82.2,997.6,1018,4,1,0
33.9,85.6,1007.3,282,94,1,1
21.7,72.3,995.1,2600,52,0,0
28.7,85.2,1022.3,1558,81,0,0
28.5,67.3,1016.2,2849,98,1,1
23.2,41.6,1009.0,4021,23,0,1
26.2,58.0,1012.4,829,0,0,0
21.3,67.6,1017.1,3077,15,1,1
39.2,62.0,1019.5,3977,17,0,1
30.9,70.1,999.5,3205,42,0,0
38.4,84.5,1020.4,2140,45,0,0
24.0,77.0,994.7,3333,63,0,0
36.0,57.1,1006.9,2783,96,1,1
20.7,50.3,999.3,2028,66,0,0
26.7,81.2,1015.8,177,31,0,0
37.8,70.6,1021.9,3422,65,0,0
22.1,62.7,1003.8,608,24,0,0
30.9,88.9,995.7,1731,99,0,1
27.2,94.2,1009.0,665,31,1,0
36.1,71.3,1013.7,3245,31,0,1
26.3,78.7,993.0,3711,65,0,0
29.7,49.8,1013.0,3696,55,1,0
26.8,80.4,997.9,2571,82,1,1
21.5,97.9,1000.1,2767,70,1,1
21.3,88.3,998.5,696,71,0,1
30.6,76.0,1002.3,2109,20,0,0
28.7,52.9,1010.4,1818,91,0,0
34.1,46.3,995.0,428,9,0,1
32.8,80.9,1014.2,4007,57,0,0
20.2,80.7,997.7,1870,19,0,0
26.6,49.7,1012.0,4064,70,1,0
33.6,45.1,1003.0,3046,68,0,1
20.2,44.8,999.4,1763,57,0,0
24.4,45.9,992.0,740,93,0,0
34.0,80.9,1016.8,2392,60,0,0
28.5,65.8,1012.7,230,35,1,0
36.7,94.5,1006.3,2785,20,1,0
22.4,85.8,1004.8,1530,1,0,1
30.2,66.0,1012.7,347,11,1,0
30.9,99.6,999.7,1303,77,0,1
32.8,42.4,1010.2,1648,71,0,0
39.0,45.9,1004.0,562,100,0,0
23.6,53.2,1011.7,2359,19,0,0
23.6,76.0,1022.5,2458,53,0,0
25.0,65.4,1019.5,1785,16,0,0
31.5,43.5,1022.4,829,0,0,0
35.2,44.4,1002.8,1651,10,1,0
25.0,99.5,999.6,140,89,0,1
23.2,94.4,1018.8,2245,14,0,0
36.9,87.8,1009.0,2779,63,0,0
32.5,70.7,1025.0,2484,8,0,0
30.3,88.6,1002.1,1183,95,1,1
23.3,53.3,999.1,3227,100,0,0
35.6,92.8,1007.2,1574,26,0,0
35.3,86.4,1010.2,1930,53,0,0
27.3,79.5,1006.7,1020,84,0,0
25.6,54.5,1008.1,1753,26,0,0
30.0,95.2,1011.5,1045,48,1,1
20.3,66.3,1001.7,2228,80,0,0
23.2,51.0,1011.5,710,5,0,0
34.5,46.3,1010.1,2943,25,1,0
22.5,72.1,991.0,3070,35,1,0
27.1,73.3,1001.6,1632,54,0,0
31.9,70.2,992.2,1364,79,0,0
28.5,41.5,1015.1,2505,54,1,0
35.0,57.8,999.6,2625,90,0,0
31.1,99.8,1020.4,1998,50,0,1
20.3,67.4,993.3,916,99,1,1
26.3,72.9,996.0,2592,62,1,0
35.6,74.9,1010.3,1357,33,0,0
35.2,74.4,1018.2,3331,24,0,0
32.5,47.0,1003.3,1142,36,0,0
31.6,86.7,1018.9,2695,88,0,0
30.9,64.4,993.6,3803,60,1,0
32.5,68.7,1018.0,2331,11,0,1
26.0,89.2,1021.7,2676,6,1,0
31.9,79.4,1021.0,1356,65,0,0
21.6,93.9,1017.3,341,85,1,1
37.1,48.2,1015.9,455,94,0,0
33.8,94.2,992.8,35,81,1,1
21.5,80.3,995.0,2910,71,0,0
37.9,99.8,1019.6,257,68,0,1
34.5,67.6,1007.1,2543,64,0,0
23.9,64.7,1005.9,3006,70,0,0
39.5,63.7,1010.2,2139,34,0,1
25.6,75.0,1012.4,589,80,1,0
20.2,46.4,1010.6,1048,27,0,0
28.1,88.2,1021.5,208,72,0,0
30.4,63.2,1008.2,3765,19,0,0
22.7,62.6,1009.7,109,2,0,0
38.8,59.0,1001.8,3275,4,0,0
20.7,64.0,990.3,1931,55,0,0
22.5,42.5,1023.8,2477,58,0,0
27.6,44.1,1021.8,215,97,0,0
30.5,62.0,992.2,691,25,0,0
31.4,60.2,1021.0,913,67,1,0
37.4,55.8,1022.0,2592,16,0,0
39.6,67.1,999.7,663,56,0,0
26.0,94.8,1019.3,4017,25,0,0
24.1,99.1,1023.4,371,52,0,1
28.2,84.3,1000.3,620,96,1,1
22.1,66.7,1023.0,2709,26,1,0
35.8,76.2,1023.9,3236,77,1,0
32.5,79.5,991.9,3875,65,1,0
27.4,82.2,997.3,2885,19,0,0
27.4,94.7,992.6,3125,57,0,1
36.8,92.0,1000.1,1320,14,1,1
20.0,60.0,1019.0,109,42,0,0
29.5,61.5,994.1,2398,100,0,0
33.1,91.2,1018.1,2789,4,1,0
36.0,98.0,1022.6,3609,40,1,1
24.1,54.7,1009.6,2879,19,0,0
25.2,50.3,1024.1,95,49,0,0
22.4,51.3,1013.7,1380,22,0,0
32.6,47.9,1012.2,3967,45,0,0
32.6,73.2,1017.1,3528,94,0,0
26.1,75.1,997.5,2977,7,0,0
28.6,85.5,1020.9,1022,64,0,0
26.2,65.2,998.6,2685,18,0,0
39.4,53.4,1011.8,1286,64,0,0
23.8,47.0,1020.0,448,47,0,0
30.3,58.2,1016.7,4085,82,1,1
36.6,84.2,997.6,3721,19,0,0
24.4,84.7,990.1,2948,41,0,0
27.4,88.8,1000.0,442,17,0,1
31.7,53.3,991.5,282,93,0,0
24.8,90.3,999.2,2596,96,1,1
22.1,47.9,1003.0,1604,24,1,0
23.2,74.0,1018.5,577,89,1,1
24.6,74.3,994.6,2257,69,1,1
22.9,49.3,1001.5,458,42,0,0
29.6,53.4,1017.5,2634,79,0,0
28.9,84.4,997.9,2494,31,0,0
26.7,59.5,1021.8,1436,13,0,0
38.4,51.5,993.8,405,17,0,1
26.5,93.9,1022.5,3172,68,1,0
22.0,92.6,996.8,1592,12,0,1
25.7,62.7,1000.0,2895,10,0,0
29.3,86.6,999.0,976,42,1,1
25.7,97.7,1022.0,2223,48,0,1
27.3,43.8,1004.0,1780,86,0,0
26.5,87.5,990.9,1873,62,0,1
29.3,74.3,1013.0,3203,5,1,0
27.8,75.0,990.5,1365,76,0,0
35.8,46.2,1002.3,3176,74,0,0
35.9,71.6,990.6,2695,66,1,0
32.6,74.8,1017.0,3259,2,0,0
35.1,77.7,1010.1,2788,30,0,0
29.1,61.4,1001.1,1965,52,0,0
21.7,45.2,998.8,1475,96,0,0
27.2,52.5,1004.5,4062,27,0,0
20.9,54.0,997.4,673,91,0,0
23.5,87.9,994.2,3491,30,0,1
30.2,58.5,1009.0,160,78,0,0
36.4,62.3,1023.2,640,38,1,0
26.9,68.1,1018.1,276,1,0,0
33.9,98.0,1016.6,1593,73,0,1
20.9,41.4,1024.9,1744,34,0,0
38.8,76.6,1021.6,1364,52,0,0
39.1,98.6,995.9,3796,80,0,0
21.5,54.4,999.1,1605,14,1,0
32.7,40.1,1006.8,81,93,0,0
33.1,82.5,1016.1,2917,34,1,0
36.9,82.1,1010.5,2693,33,1,0
26.7,80.9,1000.4,853,13,0,0
34.9,59.7,1001.2,4057,33,0,0
22.6,75.6,1020.6,2317,0,0,0
26.4,85.6,1000.6,849,42,1,1
33.3,45.5,1009.3,1049,53,1,0
20.0,68.6,1023.7,2772,4,0,0
34.1,50.4,1020.2,1457,25,1,0
36.8,46.2,1007.8,3649,60,1,0
20.1,56.6,1009.6,2525,88,0,0
20.7,66.0,1018.2,1351,60,0,0
20.3,95.3,1007.7,2843,10,0,1
31.4,71.2,1015.1,1631,89,0,0
27.5,53.5,990.0,832,38,0,0
33.4,70.7,993.0,3386,92,0,0
21.8,82.4,995.6,1596,43,1,0
24.7,67.7,997.7,1544,71,0,0
34.9,88.8,1017.1,3544,5,0,0
28.2,54.4,1003.8,2025,56,0,0
35.5,88.9,1010.7,3958,44,0,0
24.3,45.1,1017.2,3710,67,1,0
20.3,84.7,994.4,1164,88,0,0
24.6,67.5,1016.9,772,53,0,0
34.2,82.6,1003.3,1551,69,1,1
22.6,71.0,990.4,1469,92,0,0
36.4,90.3,993.9,954,30,0,1
34.3,88.0,996.3,3461,40,0,1
22.9,71.9,992.7,2439,93,1,1
21.2,48.8,1021.4,3863,66,1,0
30.7,86.1,1007.1,1424,60,0,0
30.6,67.4,1020.6,712,50,0,0
35.4,85.7,1019.2,161,38,1,0
31.3,61.4,992.7,1705,28,0,0
33.2,75.4,1001.5,2945,66,0,1
30.7,82.9,1005.6,3526,92,0,0
28.2,88.4,1022.9,1785,82,1,1
36.6,55.0,1006.7,839,77,0,0
32.4,71.7,1014.3,952,63,0,0
28.0,92.3,999.7,711,84,1,1
29.3,98.6,993.6,1023,76,0,1
23.4,67.1,1015.2,2940,95,1,1
37.2,64.7,991.1,189,63,0,0
21.0,78.8,1022.3,3219,93,1,1
25.1,82.8,1016.7,3931,40,0,1
39.0,40.3,999.5,2724,10,0,1
25.9,89.8,1024.3,1738,49,0,0
28.8,51.0,1006.8,568,68,0,0
30.4,66.9,1016.6,3052,48,1,0
38.7,83.3,993.1,2095,35,1,0
30.9,75.3,1022.3,2534,81,1,1
29.4,98.7,1010.5,1323,65,0,1
24.2,68.0,1002.7,3060,23,0,0
21.6,77.2,1018.5,3034,35,0,0
26.1,47.8,996.8,845,14,0,0
39.7,56.8,1016.1,3180,9,1,0
24.1,64.6,1008.4,2292,88,0,0
39.0,64.2,1021.3,1187,15,0,0
34.5,79.3,996.5,40,58,1,0
21.7,90.1,1009.2,3495,7,0,0
27.8,87.8,1011.7,436,72,1,0
24.8,79.7,1009.4,2796,2,1,0
24.9,82.3,997.7,2399,98,0,0
20.5,82.9,996.3,1840,33,1,0
23.4,85.0,1006.0,137,8,0,0
31.9,96.2,1021.5,2354,40,0,1
32.4,45.6,999.3,1836,34,1,0
32.2,51.9,1017.4,360,35,0,0
32.9,83.8,1020.6,1628,39,0,0
39.1,91.4,994.5,1728,75,0,1
26.5,58.1,1012.0,1780,39,0,0
22.9,70.4,992.6,1207,31,0,0
31.3,84.3,1023.2,2242,75,1,0
31.8,59.4,1014.7,1544,93,0,0
28.2,60.6,1011.6,2086,64,0,0
26.6,48.1,1023.2,122,85,0,0
26.5,54.4,1001.0,251,4,1,0
31.6,96.7,1012.1,1162,67,1,1
35.9,79.8,1002.1,2965,63,0,0
20.6,57.7,1006.1,2696,25,0,0
35.1,73.2,992.8,3840,67,0,0
36.7,44.8,993.7,1591,59,0,1
23.8,87.6,992.6,3452,87,1,1
36.0,63.7,997.0,794,80,0,0
20.9,71.5,1010.5,1312,96,0,0
34.5,85.1,990.1,2975,20,0,1
29.7,79.0,1005.0,2466,72,0,0
33.6,59.7,1021.5,4036,13,1,0
33.1,95.8,1020.4,1125,8,0,1
33.1,68.0,1008.8,375,17,0,0
37.6,67.7,1002.5,942,74,0,0
25.8,59.5,1000.1,970,9,1,0
21.8,90.3,1023.8,1953,82,0,1
33.8,43.0,1003.8,2908,37,0,0
32.0,53.0,1006.1,1370,60,1,0
24.2,56.1,998.6,811,73,0,0
25.8,99.3,1017.5,155,36,0,1
36.3,40.8,1003.6,1463,44,1,0
25.8,88.4,1016.6,870,30,0,0
33.2,62.5,1012.5,583,89,1,1
22.0,70.7,997.0,3211,30,0,0
27.1,68.1,1021.4,2525,45,0,0
32.2,44.4,1003.8,167,25,1,0
20.0,60.2,993.5,2998,15,0,0
29.3,86.7,994.5,1569,0,1,1
21.2,55.4,996.5,1028,80,1,0
35.3,47.0,1002.5,3341,44,0,0
34.4,84.2,1011.0,1102,86,0,0
30.4,99.1,1021.8,1449,4,0,1
28.0,86.3,1006.4,2566,16,0,0
30.1,42.4,1020.1,878,43,0,0
28.6,58.4,1023.6,262,15,0,0
24.4,46.5,1008.1,1684,96,0,0
23.4,45.5,992.1,109,69,0,0
20.7,53.5,1012.4,3562,86,0,0
33.1,59.3,992.5,1460,36,0,0
24.2,65.0,997.8,3639,26,0,0
39.5,87.3,997.1,2616,23,0,1
29.3,83.6,999.9,1334,80,0,0
36.5,92.6,1015.0,688,25,0,0
23.5,70.8,1002.1,284,94,0,0
33.1,65.7,1014.5,3052,90,0,0
35.1,56.9,1021.6,864,97,0,0
23.8,93.0,1019.2,1079,36,1,0
22.0,87.7,1016.9,2730,24,0,0
30.7,80.2,994.9,705,19,0,0
23.0,44.1,1019.6,4070,37,0,0
26.7,60.2,1001.2,1651,74,0,0
27.2,80.8,1013.3,3417,92,1,1
23.9,87.5,1000.1,1014,26,1,1
28.8,70.8,994.6,1346,58,0,0
22.0,67.1,1001.1,2085,84,1,1
27.1,58.9,1024.3,3089,0,0,0
23.6,65.4,999.0,576,88,0,0
30.2,83.5,1006.8,2207,83,1,1
39.3,75.6,995.3,3648,67,0,0
23.1,52.1,1003.2,3582,82,1,1
34.1,53.1,1017.1,2324,32,1,1
31.6,55.2,1009.3,1085,8,0,0
34.9,58.6,996.8,3381,0,0,0
32.2,56.5,1021.5,1038,90,1,1
32.2,48.4,1018.9,2754,59,0,0
26.2,98.5,1000.5,3784,3,1,1
20.7,56.5,1007.3,1799,95,0,0
31.2,62.1,991.7,3925,54,0,0
39.5,96.1,1021.2,2531,84,0,1
36.0,53.5,1002.9,1288,83,0,0
21.0,76.7,993.1,2059,39,1,0
25.2,45.4,1006.9,2827,89,1,1
20.2,96.1,1019.3,2157,26,0,1
23.2,98.7,1008.2,405,63,0,1
22.1,77.3,1024.3,1659,50,1,0
26.5,89.4,1000.1,1778,76,0,1
33.4,68.1,995.2,2892,44,0,0
38.8,53.4,1003.0,2003,95,0,0
28.2,50.3,997.5,3457,77,1,0
27.8,64.0,1012.1,3443,70,0,0
23.4,70.8,991.7,651,12,0,0
20.6,91.8,1004.1,2902,33,0,1
36.9,65.6,999.5,1224,93,0,0
23.4,57.8,994.5,430,25,0,0
35.5,42.4,1014.6,1989,21,0,0
20.3,63.9,1009.4,3681,78,0,1
37.0,84.5,995.0,3600,68,0,0
30.2,42.3,1016.8,2399,91,0,0
28.9,48.8,998.5,2325,6,0,0
38.5,80.9,1017.7,174,61,1,0
33.9,48.0,1020.4,775,65,0,0
36.5,80.5,1012.7,2017,19,0,0
30.4,64.9,1015.0,702,1,0,0
39.4,65.4,1017.6,820,41,0,0
28.6,89.5,1004.4,8,18,0,1
39.5,80.3,1020.7,2006,31,0,0
27.8,83.5,996.8,9,55,0,1
26.9,91.8,997.1,123,95,1,1
35.1,82.9,1011.4,460,0,0,1
26.7,44.0,990.2,426,80,0,0
27.7,47.2,997.4,2229,18,1,0
20.6,57.8,1004.1,991,63,0,0
30.0,96.2,1011.0,3162,1,0,1
28.8,66.5,1018.6,1505,50,0,0
38.3,90.2,997.1,2603,26,0,1
33.4,80.1,1013.9,3668,0,0,0
24.0,70.3,1004.0,3,0,1,1
29.5,86.2,1013.3,472,26,1,0
27.9,63.5,1000.3,1330,90,1,1
38.3,42.7,997.6,3569,96,0,0
20.7,45.0,1003.8,3969,83,0,0
29.3,72.3,1022.9,1159,68,0,0
37.0,81.8,1019.4,372,18,1,0
36.4,70.1,1009.8,3563,57,1,0
20.8,73.1,993.3,3596,93,1,1
38.2,69.8,1022.2,901,71,0,0
22.5,68.6,1023.3,53,76,0,0
27.5,49.7,1004.0,995,5,0,0
34.9,58.6,1004.0,95,2,0,0
21.8,86.1,1022.0,481,0,0,0
34.9,60.3,997.5,2090,99,1,1
35.9,49.1,1000.3,23,35,0,0
28.0,70.7,1006.0,658,19,0,0
36.7,65.4,995.0,3100,24,0,0
32.5,72.0,1003.5,3905,34,0,0
22.7,65.0,993.7,3974,48,0,0
30.6,41.2,998.1,1460,73,1,0
34.0,52.7,1024.1,1283,83,0,0
29.0,97.8,1000.3,3688,44,1,1
29.2,80.8,1001.1,1692,9,0,0
27.3,75.9,993.8,2056,93,0,0
24.2,70.5,1009.2,2105,25,0,0
37.3,76.1,1021.3,1130,18,0,0
21.9,50.9,1005.7,3144,42,0,0
37.6,86.9,1007.3,490,80,1,0
28.1,94.8,1016.8,626,81,0,0
26.0,83.4,996.8,1960,5,0,0
30.9,45.0,1003.5,2788,39,0,0
20.5,56.8,1006.0,4061,65,0,0
34.2,45.4,1012.5,2238,56,1,0
35.0,90.2,1018.9,126,19,1,0
25.2,40.5,995.4,3223,60,0,0
30.4,91.6,1010.0,159,0,0,0
35.7,56.5,1002.9,2612,47,0,0
38.0,68.3,995.8,2990,72,0,0
21.5,61.0,1014.8,1728,99,0,0
20.7,94.8,1022.0,3564,30,0,0
31.4,78.4,995.9,2824,46,0,0
27.4,47.0,1015.8,1172,60,1,1
21.5,44.3,1007.2,3134,57,0,0
23.6,87.1,1006.4,2873,39,0,0
39.2,99.7,1006.5,582,49,0,1
39.3,99.2,997.4,3195,56,0,1
20.0,55.0,1009.2,2349,80,1,0
37.5,85.0,1006.8,3974,100,0,0
34.1,72.2,997.4,1071,81,0,0
37.9,46.8,1009.7,1676,90,0,0
34.2,70.9,1022.8,3017,76,0,0
24.3,98.5,1016.5,340,95,1,1
23.1,47.2,1017.8,1401,85,0,0
31.0,61.5,1017.7,3596,38,0,0
21.0,48.4,1020.8,2489,80,0,0
31.9,46.9,1024.3,1737,7,0,0
26.5,76.4,991.9,408,5,0,0
25.8,47.1,999.7,396,57,1,0
29.3,69.1,992.2,3173,4,1,0
37.7,54.1,1017.5,630,31,1,0
38.1,67.0,990.9,3378,64,1,0
30.3,43.5,995.3,38,93,0,0
34.9,41.1,1006.4,3831,14,0,0
29.8,53.8,1019.3,3666,75,1,0
27.7,65.5,1008.8,862,13,0,0
29.9,46.2,1013.8,981,4,0,1
23.6,45.4,992.9,2438,84,1,1
23.0,85.6,1005.9,2460,35,0,1
27.9,55.5,1019.9,1035,71,0,1
26.0,55.6,1004.3,625,34,0,1
32.5,58.2,1016.6,1514,83,0,1
21.5,61.2,994.1,4028,17,0,0
24.1,98.5,1017.6,4071,22,0,1
31.4,79.1,990.2,646,3,0,0
28.9,68.9,1023.0,3047,87,0,0
27.8,41.7,1006.9,2027,1,0,1
35.8,85.6,1019.1,3132,99,0,0
24.1,95.5,1007.6,2351,6,1,1
31.8,70.2,1021.1,2904,45,1,0
29.7,78.0,1005.5,1886,93,0,0
34.4,99.3,1001.4,2324,71,0,1
29.5,74.1,998.1,1571,63,0,0
37.4,62.0,1003.0,2037,77,0,0
30.8,50.3,1011.2,922,92,0,0
28.1,76.5,1013.4,2928,69,0,0
29.3,97.5,1024.1,1610,9,1,1
28.9,48.6,1016.9,2985,65,0,0
24.6,88.4,1004.7,313,90,1,1
35.7,75.2,1009.6,2029,8,0,1
38.2,77.7,1019.7,2024,91,0,0
30.3,52.0,1004.8,2521,95,1,1
36.4,62.0,995.0,3302,50,0,0
33.0,88.0,1004.8,1283,100,0,1
22.0,69.1,998.1,1727,98,0,0
33.8,51.9,1019.8,977,41,1,0
27.0,65.3,1009.1,2917,27,0,0
33.4,44.7,1018.3,3381,5,1,0
33.4,96.0,1012.8,2057,48,0,1
32.7,74.3,1006.1,3373,61,0,0
35.9,85.5,991.3,1535,21,1,1
32.0,81.2,1001.0,1529,80,0,0
30.5,54.2,997.7,693,37,0,0
31.7,67.5,1010.5,1507,82,0,0
21.6,61.0,1016.2,2260,35,0,0
34.8,57.2,990.5,1888,82,0,0
21.7,96.8,999.1,823,22,0,1
36.2,52.5,1018.2,920,90,1,1
36.7,49.7,1003.3,2729,98,0,0
24.0,42.0,1006.4,1140,58,0,0
32.5,71.1,1007.9,1227,91,1,1
30.0,42.9,1001.2,1876,5,0,0
26.3,82.8,999.9,3108,65,0,0
28.9,66.1,1019.8,726,12,0,0
34.4,83.0,1016.8,1115,71,0,0
25.7,45.3,1009.1,1284,55,0,0
22.5,93.7,1000.3,1829,92,0,1
25.7,70.9,1008.5,355,60,1,0
21.4,99.7,1015.2,848,26,0,1
39.9,42.5,990.9,3356,3,0,0
37.3,84.5,1004.6,2311,39,0,0
20.0,55.3,1006.4,2315,82,1,1
23.6,44.7,993.6,2542,3,1,0
37.6,96.6,1019.1,3071,95,0,1
21.3,50.9,1009.8,1266,64,0,0
29.4,67.3,1014.2,3881,19,0,0
28.0,89.5,1001.5,1119,13,1,1
26.5,93.7,1020.7,71,87,0,0
36.4,65.4,1001.0,2561,55,0,0
35.2,96.8,1002.8,2871,10,0,1
37.5,40.2,1001.8,2651,30,0,0
23.7,76.2,1020.6,1576,2,1,0
23.7,76.4,1005.3,4012,26,0,1
20.3,92.5,994.6,427,84,1,1
28.9,63.2,1003.7,4071,59,0,0
26.2,64.1,999.4,4093,44,0,0
37.2,52.3,1018.5,2472,40,0,0
22.5,87.0,1003.7,1781,4,1,1
36.1,81.6,1003.6,2681,60,1,0
29.4,48.0,991.0,769,20,0,0
20.5,60.4,1014.6,62,50,0,0
38.2,81.7,1022.8,882,30,0,1
36.7,59.6,1009.8,2071,51,1,0
32.1,77.2,1001.7,1302,20,0,0
27.5,62.5,992.9,2643,41,0,0
24.5,61.1,1018.8,995,72,0,0
38.8,75.8,1016.1,542,2,0,0
34.9,99.6,999.6,3975,64,0,1
34.1,91.1,1000.7,3075,30,0,1
23.4,57.6,1016.7,3451,44,0,0
36.6,58.3,999.5,2676,61,1,0
31.7,59.3,1001.0,3733,90,0,0
23.4,71.8,1006.9,1733,93,0,0
29.5,68.0,1002.7,4052,71,0,0
20.2,74.4,1006.6,1739,15,0,1
20.9,46.2,993.2,1862,72,0,0
26.6,70.2,990.7,281,18,0,0
27.0,93.5,1004.7,1774,76,0,1
31.3,53.3,991.0,3850,54,0,0
28.2,81.7,1018.8,868,43,0,0
20.4,93.2,1019.5,980,30,0,0
30.1,96.0,1007.6,1731,78,0,1
39.0,84.0,1018.5,2193,56,1,0
36.3,53.9,996.1,957,49,1,0
28.4,67.5,1012.0,1335,52,0,0
36.3,70.9,998.8,361,48,1,0
29.2,67.1,990.6,1454,6,0,0
32.5,55.3,999.4,1236,82,1,1
34.8,80.2,1001.2,1997,8,0,0
31.9,96.1,1009.7,985,89,0,1
22.9,54.6,998.6,3869,12,0,1
28.1,99.1,1009.9,3471,96,0,1
34.7,71.7,1020.7,4067,11,0,0
24.9,84.0,1019.0,3459,81,0,0
23.5,56.7,997.4,707,80,1,0
23.1,87.8,1009.7,3032,85,1,1
34.1,43.0,1007.3,3086,38,0,0
38.2,66.1,1006.9,3245,24,0,0
26.8,90.2,996.9,152,94,1,1
20.0,89.7,995.8,2480,73,0,1
29.7,40.6,1003.4,2434,53,1,0
24.3,47.9,1014.6,541,16,1,0
33.6,41.6,1023.5,2952,46,0,0
33.5,52.4,1007.0,1584,7,1,0
30.9,49.7,998.0,3031,35,1,0
37.6,48.1,1020.7,394,45,0,0
33.1,52.1,1019.0,1571,65,0,0
27.4,64.0,1005.6,1546,42,0,0
21.0,89.1,1010.4,617,98,0,0
23.0,73.1,1019.1,1194,94,0,0
26.1,88.0,1024.7,2923,7,0,0
27.6,73.6,995.0,3363,19,0,0
28.6,43.7,1023.4,3515,10,0,0
30.2,92.4,1000.6,1247,57,0,1
36.6,42.1,1019.9,2798,36,0,0
40.0,95.8,1014.3,3060,38,1,1
30.9,45.3,1017.0,2309,61,1,0
22.7,69.7,1009.1,3626,26,0,0
39.5,58.6,997.7,3499,45,0,0
27.7,97.2,1019.9,18,72,0,1
29.6,54.3,991.9,2924,19,0,0
22.0,93.5,1017.6,1511,93,0,0
39.5,86.8,1007.3,1463,28,0,0
38.9,42.3,1012.6,1661,71,0,0
20.9,84.1,990.8,252,2,1,0
33.3,93.2,995.8,489,89,0,1
34.1,98.2,1015.7,1874,70,0,1
37.0,95.0,1009.7,2129,98,0,0
24.4,82.0,1012.6,1569,21,0,0
39.9,84.8,1007.5,2256,14,0,0
21.9,96.2,995.3,3877,79,1,1
31.7,47.1,993.6,3155,100,0,0
21.6,44.9,1010.5,1555,34,0,0
29.1,78.3,1007.5,1483,10,0,0
21.1,46.2,1024.7,2722,86,0,0
22.3,42.0,1017.1,1903,79,0,0
23.2,59.5,991.1,3639,5,0,0
23.6,84.1,991.9,1740,62,0,0
25.3,93.3,1005.5,2895,42,0,0
38.4,94.7,1015.7,1262,35,1,0
21.6,73.7,1023.5,570,62,0,0
39.3,88.5,1020.5,1012,53,0,0
37.9,92.1,1023.9,1524,31,0,1
33.4,87.8,1013.2,2553,8,0,0
23.8,88.8,1019.4,3485,84,0,0
23.1,85.0,1020.5,546,42,0,0
23.2,50.7,1019.5,3916,18,0,0
35.3,85.0,1005.7,2740,28,0,0
24.2,40.1,1022.8,1331,24,0,0
37.9,43.4,998.4,2018,89,1,1
31.0,85.6,1009.4,979,81,0,0
23.0,65.0,997.4,2910,15,1,0
20.8,46.7,1012.4,3597,9,1,0
37.5,74.4,1001.1,3566,52,0,0
33.5,62.8,992.2,472,8,0,0
34.2,69.8,999.0,2079,41,0,0
20.5,54.1,1020.6,612,13,1,0
27.9,81.3,1023.9,2497,25,0,0
34.1,94.6,990.3,3252,11,0,1
30.7,97.4,991.2,3795,3,1,1
23.9,58.7,1019.8,3509,53,0,0
22.9,40.9,1009.4,1140,12,0,1
24.9,67.0,1014.3,1482,40,0,0
35.0,86.8,1009.4,25,4,0,0
34.7,91.1,1006.8,2319,56,1,1
24.4,45.2,1013.2,2372,19,0,0
30.2,49.7,992.0,986,86,1,1
24.4,76.2,1004.5,2059,29,0,0
29.0,60.3,1021.2,3275,9,0,0
22.0,69.8,1024.1,2363,80,0,0
23.1,60.6,1012.5,2969,1,0,0
27.9,70.2,1017.7,928,44,0,0
28.1,41.7,1013.9,1424,70,1,0
20.3,82.4,992.3,1822,45,0,0
27.1,57.8,990.1,1470,85,0,0
39.7,48.3,1024.3,286,54,0,0
38.1,67.4,1003.9,2931,36,0,0
37.6,47.7,998.7,1814,88,0,0
25.3,85.7,997.2,1399,44,1,1
34.6,75.8,1008.1,3779,98,0,0
32.4,45.4,1004.9,4060,1,0,0
37.9,84.0,1001.7,1404,70,1,0
34.9,48.4,1002.3,205,61,1,0
21.3,63.7,1017.5,2613,84,1,0
30.8,49.2,1024.4,448,7,1,0
35.9,86.3,1015.8,3118,83,0,0
23.5,98.2,1023.8,1420,46,1,1
38.0,79.5,1019.7,1084,77,0,0
32.6,74.2,994.8,3220,74,0,0
28.4,70.9,1013.1,220,100,0,0
36.3,69.0,1002.2,3048,81,0,0
25.0,63.0,1012.6,3307,35,1,0
35.5,64.7,1001.7,275,93,0,0
21.7,68.1,1018.7,4033,28,0,0
28.8,95.7,1007.3,145,59,0,1
39.6,46.7,991.0,3599,45,1,0
26.6,44.1,1009.4,1078,74,0,0
31.1,44.4,1003.7,3081,66,0,0
25.8,90.0,1000.7,3453,42,1,1
33.9,94.6,996.9,3553,58,0,1
34.1,40.8,1006.1,2391,78,0,0
32.2,83.9,1005.4,1092,48,0,0
20.7,58.4,1021.9,3707,61,0,0
25.5,53.7,1020.1,3991,45,0,0
32.7,65.8,1004.4,3189,44,1,0
22.9,40.4,994.8,1751,64,0,0
28.0,73.8,1024.1,1968,11,1,0
20.3,73.9,1010.5,1894,80,1,0
31.7,54.9,1011.3,2379,53,1,0
29.5,42.6,1008.6,3988,64,0,0
29.6,57.2,1013.6,1510,84,0,0
39.8,45.7,1001.1,2731,1,0,1
39.8,69.3,1010.8,1396,59,0,0
33.9,44.4,1021.5,3699,27,1,0
25.4,79.0,999.3,987,85,1,1
36.3,77.4,1002.9,191,65,0,0
23.1,84.0,1006.9,2697,70,0,0
20.2,84.4,1006.7,1197,34,0,0
36.3,79.7,994.6,1907,69,0,0
24.3,82.0,1009.8,878,80,0,0
20.3,85.7,1012.7,382,6,0,0
25.1,84.0,993.5,932,30,0,0
20.6,65.9,1017.0,3343,78,0,0
31.4,63.2,1003.2,1595,33,0,1
23.4,79.7,998.3,531,51,0,0
21.3,96.9,1020.7,1718,26,0,1
30.7,98.1,1007.5,3713,26,0,1
39.5,81.3,1008.4,426,7,0,0
29.6,45.5,1010.5,2272,39,1,0
38.8,79.2,1020.1,1089,36,0,0
37.3,99.2,1019.7,438,89,0,1
34.1,70.9,1023.8,2195,85,0,0
23.9,83.1,1004.7,816,44,0,0
28.9,52.9,1011.2,2890,20,0,0
24.5,48.7,1005.4,2121,67,0,0
35.7,70.5,1009.1,3465,47,0,0
29.6,95.8,1013.1,2418,73,0,1
22.2,70.8,1017.2,617,55,0,0
31.9,73.8,1023.9,1204,26,0,0
22.9,91.9,990.2,1113,45,0,1
27.5,40.8,1010.3,1526,33,0,0
33.6,74.6,993.2,3894,77,0,0
29.7,92.6,1002.4,2466,19,0,1
33.4,67.8,1005.6,807,7,0,0
35.5,57.4,997.7,1435,43,1,0
38.4,85.1,1016.9,1451,28,1,0
37.3,89.2,1013.1,13,67,1,0
25.5,87.2,1021.9,1914,14,0,0
22.9,57.7,1016.2,3725,94,1,1
32.8,85.3,992.3,3858,0,0,1
38.3,64.2,1007.2,2732,27,0,0
20.6,83.4,1010.2,3719,95,0,0
25.8,57.9,1023.4,499,92,0,0
39.3,57.2,991.1,3785,91,0,0
35.1,46.9,1015.9,1649,87,0,0
25.1,89.2,999.8,3119,63,0,1
34.2,52.9,1003.5,1288,45,0,1
24.5,41.3,1007.3,3588,38,0,0
28.2,41.1,996.6,1547,71,1,0
29.1,60.7,1011.5,722,86,0,0
25.1,93.9,1001.1,3671,78,1,1
29.3,40.3,1014.3,2814,85,1,1
36.9,96.9,998.9,367,75,0,1
33.5,85.4,1003.9,4035,60,1,1
38.0,71.3,1012.1,624,98,0,0
31.4,88.3,991.7,2329,15,1,0
24.5,55.8,1014.6,3826,55,0,0
28.5,66.8,1013.0,1719,27,0,0
39.3,46.5,996.0,1379,71,0,0
33.0,86.2,1021.3,1644,68,0,1
22.3,80.1,998.6,485,66,0,0
21.6,65.8,1012.2,962,8,0,0
20.1,58.9,1007.2,3539,21,0,0
37.9,87.2,1008.9,2777,54,0,0
27.5,92.8,994.6,3477,61,0,1
33.7,78.8,1012.2,3888,56,0,0
27.4,48.5,1011.3,984,59,0,0
20.6,89.8,997.5,2581,74,1,1
29.0,81.6,998.3,172,39,1,0
31.1,95.0,1007.7,1573,61,0,0
34.6,49.8,1014.7,1641,87,0,0
35.0,81.4,1006.8,1643,81,1,1
27.5,58.9,1009.2,2619,23,0,0
20.3,43.3,1015.8,1047,28,0,0
38.5,76.4,1002.8,2803,16,0,0
39.9,72.7,1006.4,1242,2,0,0
20.3,81.2,1018.1,2516,1,0,0
20.3,86.2,1021.2,3153,54,0,0
30.4,49.8,1003.2,1001,68,0,0
39.2,90.3,1005.9,99,95,0,0
23.9,48.8,1009.3,1262,5,0,0
28.3,77.9,995.1,3714,67,0,0
25.8,84.5,1024.7,974,89,0,0
24.4,50.2,1018.5,3341,7,0,0
38.9,70.1,1021.8,3710,28,0,0
21.5,62.9,1022.4,2018,2,1,0
27.2,43.5,1000.0,3356,12,1,0
27.1,86.6,1008.6,375,65,0,0
40.0,73.6,1022.2,4075,11,0,0
21.8,94.1,1010.5,378,99,0,0
31.8,68.1,1021.4,1259,26,0,0
31.4,96.6,1018.4,2563,29,0,1
35.4,77.8,1012.6,1132,87,0,0
32.3,84.5,1013.0,3510,91,0,0
25.9,60.2,1002.1,1235,19,0,0
32.3,77.8,1007.9,2836,24,0,0
29.0,55.8,1019.4,2208,89,0,0
32.6,43.5,1023.1,3429,25,1,0
32.4,45.0,1020.5,3226,67,0,0
27.5,50.7,993.6,3232,80,0,0
32.5,61.8,1023.2,2243,18,0,0
34.7,90.3,995.1,3730,61,0,1
21.4,64.7,1010.3,2948,52,1,0
27.7,50.6,1011.8,1925,11,0,1
37.1,63.2,1022.9,665,58,0,0
32.6,52.2,999.7,3336,57,1,0
37.5,82.8,1014.5,2081,73,0,0
30.2,69.0,1002.8,3001,32,0,0
39.2,64.7,997.3,220,52,1,0
20.4,56.2,996.0,2250,99,0,0
21.6,47.3,1003.9,3317,78,0,0
21.0,67.3,1022.9,2457,12,0,0
33.2,85.9,1024.6,3027,66,0,0
30.3,96.4,1001.3,2563,44,1,1
26.8,56.4,1017.0,1161,75,0,0
21.8,84.0,1002.5,3992,76,0,0
30.2,59.3,1023.4,373,89,1,0
38.6,68.7,1015.5,3918,59,0,0
26.6,67.6,1023.1,2696,85,0,0
30.9,77.5,998.4,3010,29,0,0
39.6,99.7,1009.1,2341,86,1,1
33.1,65.4,994.0,4021,87,1,1
22.5,87.8,1018.8,1773,63,1,0
20.9,60.2,1005.1,3615,6,1,0
21.2,98.8,993.9,1775,71,0,0
36.3,65.6,1009.5,1242,75,0,0
23.6,99.4,995.3,1981,28,0,1
24.2,82.7,1013.5,577,63,0,0
39.4,84.4,1000.0,1367,80,0,0
22.5,95.7,993.4,1269,71,0,1
23.3,41.9,1012.6,716,14,0,0
35.2,72.8,1023.1,131,9,1,0
34.0,58.9,1013.1,2674,15,0,0
38.5,93.5,1018.3,2806,13,0,0
24.4,73.3,994.3,3947,84,1,1
30.3,59.8,990.4,2186,31,0,0
31.8,84.4,1012.9,3056,92,0,0
35.3,42.8,1020.3,2858,43,0,0
26.9,58.1,1022.7,1202,84,1,1
39.0,92.3,1009.4,783,49,1,0
24.3,61.9,992.1,3041,89,0,0
22.7,54.3,1005.4,1768,90,0,0
27.6,75.1,995.7,2226,0,0,0
37.1,70.7,1004.9,3544,12,0,1
21.6,81.5,996.7,2096,32,1,1
25.5,64.3,1022.9,612,30,1,0
20.9,70.6,995.1,181,43,0,0
36.7,89.2,1015.2,1314,38,1,0
26.1,71.5,990.6,1648,88,0,0
31.9,54.7,992.8,3136,53,0,0
34.3,96.6,1022.9,1730,88,0,1
22.4,53.7,1021.8,2438,30,0,0
33.7,64.1,1002.9,425,78,0,0
27.7,49.5,1010.7,2438,17,1,0
25.4,49.5,1001.7,3672,54,0,0
34.1,81.8,992.2,3963,68,1,0
35.2,85.7,1002.3,872,3,1,1
33.3,72.1,1010.4,1864,48,0,0
26.6,84.1,998.6,220,22,0,0
20.7,93.1,990.6,2694,58,0,1
28.2,77.6,999.3,2960,46,0,0
29.9,76.5,1023.1,931,61,1,0
25.3,78.2,993.2,3307,97,0,0
23.9,52.4,998.4,3490,72,0,0
33.4,40.9,1000.3,2883,59,0,0
36.2,89.2,994.2,2804,34,1,1
25.4,60.2,1010.2,2272,60,0,0
30.9,57.9,1012.6,2416,6,1,0
26.4,58.8,1024.7,3978,35,1,0
22.2,50.0,993.6,2889,57,1,0
39.0,70.4,994.3,393,25,0,0
34.1,52.7,992.3,2380,27,0,0
38.1,57.0,1025.0,2977,100,0,0
22.0,71.8,998.6,290,77,1,0
31.2,40.5,1014.9,3260,83,0,0
34.1,81.0,1012.7,742,85,0,0
23.8,93.7,1006.2,1389,42,0,0
31.0,53.1,1007.4,668,88,0,0
31.0,95.3,1016.9,2027,67,1,1
32.5,92.9,1007.3,2765,79,1,0
20.9,62.3,1002.7,2185,65,0,0
36.8,69.3,1008.5,1863,9,0,0
37.0,58.1,1020.5,205,28,0,1
33.2,88.8,990.6,1678,28,0,1
30.2,92.8,1017.0,2514,43,1,0
24.2,72.9,996.5,987,1,0,0
37.8,61.4,1005.1,2239,40,0,0
20.5,56.9,998.6,50,73,1,0
31.7,90.0,1012.5,2264,66,0,0
35.3,92.5,1020.5,3754,77,0,0
28.9,63.5,993.7,1410,76,1,0
32.5,88.5,1017.6,962,55,0,0
32.2,74.4,990.7,508,68,0,0
35.1,86.6,991.0,3213,13,1,1
27.9,88.1,1009.4,1512,47,0,0
38.2,48.6,1004.9,1581,43,0,0
33.4,94.4,1018.5,2486,24,1,0
24.8,96.2,1008.7,2567,99,0,1
36.8,98.7,1018.3,1681,82,0,1
29.8,93.7,1022.9,792,52,0,0
38.0,88.4,1016.0,372,70,0,0
23.1,58.6,1000.0,3971,98,0,0
23.2,46.0,1012.5,2713,55,0,0
31.2,80.6,993.7,722,39,0,0
38.0,43.0,998.0,2872,28,1,0
32.8,58.8,995.7,39,90,1,1
39.9,78.5,1021.9,374,5,0,0
36.3,64.2,990.3,2531,50,0,0
25.2,90.0,1022.0,2197,41,0,0
30.8,80.7,1009.0,1605,81,0,1
36.3,77.9,996.5,1774,58,0,0
34.1,95.3,996.0,607,1,0,1
23.0,40.5,990.9,3559,90,1,1
27.3,61.9,993.8,3714,62,1,0
32.2,55.8,1004.5,1390,6,0,0
25.0,78.7,996.2,2517,5,0,0
29.2,91.8,999.9,3099,22,0,1
27.0,97.5,1000.4,2935,82,0,0
30.3,53.5,1022.3,3773,75,0,0
32.9,65.7,1010.1,3900,92,0,0
32.2,53.6,1013.5,2859,28,0,1
25.6,80.1,999.4,226,78,1,0
34.7,65.1,1015.3,1032,54,1,0
29.5,59.4,1011.0,575,35,1,0
38.0,92.1,1012.1,160,85,0,0
32.8,89.6,1002.9,2829,16,0,1
23.7,43.1,993.8,2178,23,1,0
26.2,44.5,1009.4,2114,84,0,0
33.8,71.2,995.9,2832,1,0,0
26.8,63.6,998.7,1082,87,0,0
30.3,67.5,1018.8,468,35,0,0
38.6,40.8,1023.5,420,61,1,0
22.1,73.6,1022.1,2365,2,1,0
36.7,86.7,1001.1,1260,87,0,1
26.2,75.4,1020.2,3889,36,1,0
38.6,62.8,1014.7,2167,20,0,0
33.4,44.7,1014.5,1530,71,1,0
27.8,41.5,1018.0,2797,18,0,0
36.5,95.4,1003.9,990,51,1,1
39.8,71.0,1017.7,2585,100,0,0
33.2,53.8,1013.8,3179,92,0,0
21.5,64.1,993.4,3264,74,0,0
28.6,59.7,1020.9,1988,94,1,1
29.4,86.4,1020.1,2092,9,1,0
37.8,83.6,1024.8,3926,92,1,1
28.8,70.5,1011.8,3735,58,0,0
34.2,62.5,1022.7,797,71,0,0
20.4,64.6,1009.2,49,52,1,0
30.8,96.2,1006.5,1621,24,0,1
30.7,79.5,1001.0,3739,42,0,0
21.0,97.3,1011.3,3534,49,1,1
33.5,92.6,1018.9,2984,29,0,0
30.5,71.3,991.7,1997,55,1,0
33.4,74.6,1016.1,3562,11,0,0
31.6,53.3,1006.9,953,58,0,0
33.9,60.6,1009.0,593,69,1,0
31.0,59.7,1006.6,2098,23,1,0
27.5,98.8,997.5,2744,11,0,1
23.2,67.9,1012.6,376,74,0,0
22.9,90.8,1019.6,3161,61,0,0
25.8,52.9,1008.3,3911,1,1,0
26.6,96.1,1007.1,2771,31,0,1
32.8,84.6,1012.1,501,13,0,0
37.5,54.0,1022.4,3477,22,1,0
32.3,45.1,1004.8,1924,77,0,0
22.9,74.1,996.5,772,98,0,0
23.2,73.8,1004.9,496,16,0,0
26.8,85.7,1010.8,312,36,1,0
34.1,52.9,999.7,2335,74,1,0
34.5,93.1,1004.5,1817,98,1,1
24.9,70.0,990.4,3230,76,0,0
22.0,47.6,1013.4,3423,53,0,0
32.0,40.8,996.6,1184,37,1,0
31.3,79.3,1013.0,452,30,1,0
37.7,40.2,1011.9,1287,47,0,0
38.8,59.6,1004.9,993,30,1,0
31.7,68.8,1010.1,1163,44,1,0
24.0,68.2,1017.0,2745,46,0,0
33.0,49.4,1017.7,3370,27,0,0
23.7,58.0,1004.6,3558,90,1,1
33.1,81.7,1001.5,3580,31,0,0
20.3,49.9,995.8,855,6,0,0
31.8,48.8,1016.2,2071,83,0,0
38.6,95.8,1012.4,157,1,0,1
33.8,65.4,1003.0,2642,73,0,0
23.2,87.2,1013.9,1934,40,0,0
39.0,43.9,995.3,1133,58,0,0
34.0,93.1,1015.0,735,78,0,0
20.9,49.9,1004.1,993,17,0,0
28.4,85.8,1011.2,244,14,0,0
33.6,99.4,1016.4,3036,71,1,1
29.7,64.8,1006.6,313,8,0,0
28.5,49.3,1009.3,3559,79,0,0
20.2,85.8,1017.7,3604,60,0,0
39.0,81.3,1008.2,1284,55,0,0
28.3,43.5,994.7,3616,54,0,0
39.1,95.0,1002.0,974,64,0,1
22.5,59.3,996.9,430,11,1,0
34.8,82.5,1017.8,1234,16,0,0
23.1,55.1,1022.3,4060,96,1,1
37.9,60.2,992.2,365,12,0,0
21.1,52.7,996.8,3055,70,0,0
20.4,44.5,1024.0,869,95,0,0
26.0,82.7,998.9,739,56,0,0
39.1,84.1,1022.0,1756,59,0,0
31.6,46.3,1015.2,4051,0,1,0
34.9,66.8,1001.4,1653,44,0,0
37.1,40.9,1024.0,1378,11,1,1
31.8,62.9,1014.9,1492,54,1,0
27.6,98.1,1013.4,2587,65,1,1
23.8,80.1,1023.6,2076,91,0,0
25.2,50.2,1013.9,274,39,1,0
39.0,77.8,1024.2,3666,0,0,0
23.5,86.7,992.7,2513,89,1,1
34.7,41.2,993.8,2509,38,0,0
26.3,63.9,1014.3,1599,20,0,0
31.4,43.6,1006.7,2792,43,1,1
29.1,87.9,1006.6,722,42,0,0
34.1,62.2,996.1,1281,21,0,0
38.8,69.9,1001.2,3357,62,0,0
31.7,73.1,1008.4,329,61,0,0
37.0,97.3,1012.6,1012,6,1,1
28.8,87.7,1017.9,1876,99,0,0
24.0,95.0,1008.0,1497,85,0,0
30.4,88.1,1022.4,2638,15,0,0
34.7,83.1,1013.3,1290,36,0,0
21.1,80.7,1016.0,2290,19,0,0
36.5,99.1,1009.7,2964,49,1,1
21.6,59.3,1016.2,1275,38,0,0
36.9,92.9,1018.5,3532,68,0,0
37.7,98.0,1013.0,1149,24,0,1
36.1,83.1,1013.8,262,68,0,0
36.0,59.9,990.5,2081,41,0,0
27.9,82.8,1003.2,716,2,1,0
22.0,52.6,996.2,3856,87,0,0
22.6,67.1,1000.2,1749,4,0,0
20.7,73.7,1013.9,2279,10,0,0
37.6,57.1,1013.5,2554,40,0,0
31.6,56.9,1017.6,838,65,1,0
30.4,67.2,999.3,2482,33,1,0
27.0,75.8,998.1,3934,40,0,0
37.9,85.4,1016.2,139,41,1,0
22.3,94.5,1010.0,1971,34,0,0
32.3,48.4,1022.0,1557,25,0,0
23.5,77.2,1000.7,194,74,1,0
25.4,75.8,1004.7,522,60,0,0
26.4,72.6,1010.3,279,98,0,0
31.4,59.1,1011.4,386,21,0,0
23.0,70.1,993.0,3185,88,0,0
36.4,80.4,998.5,1798,99,0,0
27.5,93.7,1004.8,662,57,0,1
26.3,48.6,1024.2,3356,14,0,0
32.4,48.9,999.6,2713,81,0,0
33.9,77.8,1008.3,3003,83,1,1
39.4,91.8,1010.2,2380,70,0,0
30.4,69.8,1003.3,1290,72,1,1
39.8,65.7,1000.4,738,7,0,0
38.6,68.3,1022.3,893,33,0,0
28.5,52.3,992.8,3530,3,1,0
32.8,80.6,997.0,879,73,0,0
31.0,62.5,1021.9,1347,81,0,0
33.5,84.9,1023.3,1798,87,0,1
27.4,75.4,1006.9,3327,71,1,0
26.8,71.0,1020.1,701,45,1,1
36.4,81.8,990.2,3908,38,0,0
21.3,42.7,1000.9,56,54,1,0
22.5,83.0,994.5,2075,89,0,0
20.6,54.2,1005.4,553,53,0,0
36.8,81.8,993.9,789,12,0,0
35.6,61.9,1021.6,3128,8,0,0
24.8,78.7,1015.6,1111,21,1,0
25.3,74.0,1010.9,1039,65,0,0
26.6,82.5,999.9,3387,45,1,0
27.0,47.4,1004.8,3869,1,0,0
23.6,81.0,1021.3,1946,55,1,0
23.7,87.1,1010.5,1969,10,0,0
27.0,54.0,1016.0,3392,46,1,0
30.8,74.4,993.8,1555,55,1,0
34.6,81.3,1019.5,3456,84,0,0
23.1,72.7,1006.2,2136,75,0,0
23.3,89.6,1011.5,3673,43,0,0
39.7,78.8,1023.5,1740,68,0,0
37.2,61.8,1015.0,1711,17,1,0
33.9,62.3,1023.8,3759,11,0,0
34.8,90.6,1001.0,3421,13,0,1
21.4,52.6,1016.2,1026,98,1,1
20.0,45.8,1002.3,4056,17,1,0
31.5,44.2,993.7,1304,94,0,0
31.2,77.0,1006.5,885,95,0,0
35.6,81.3,1014.2,3803,48,0,0
23.4,63.6,990.8,1243,51,1,0
33.8,84.6,1002.8,1343,56,0,0
36.5,84.5,1022.8,2702,22,0,0
22.9,90.9,994.1,3056,20,0,1
36.6,64.8,1000.2,958,11,0,0
32.0,46.2,1001.3,1547,68,1,0
27.6,52.9,1016.3,380,37,0,0
36.7,59.1,1019.5,492,57,0,0
29.0,81.0,1006.4,2804,13,0,0
23.8,46.1,1006.7,1487,39,0,0
21.6,93.5,1023.5,3293,89,1,1
34.6,44.4,994.0,3860,49,0,0
26.9,91.8,1006.3,3345,36,0,0
26.2,53.9,1020.2,964,29,1,0
37.5,85.6,999.9,1114,15,1,1
21.6,70.7,1016.7,1266,32,0,0
22.6,64.5,1005.4,22,5,0,0
33.0,52.0,1021.2,2708,62,0,0
29.2,54.9,1008.2,2591,26,1,0
32.1,89.8,997.9,788,11,0,1
37.6,55.1,1024.8,3184,77,1,0
25.8,47.2,1005.4,1048,14,0,0
32.8,90.2,1001.8,1115,6,1,1
20.6,63.3,992.6,1462,92,0,0
32.4,55.9,999.3,3558,33,0,0
26.3,98.4,1005.3,3331,94,0,1
23.7,65.3,1022.3,2880,32,0,0
26.2,44.0,993.8,2282,66,0,0
32.8,74.3,1017.6,2632,48,0,0
22.4,57.6,1016.7,1842,33,1,0
39.1,86.9,1023.8,3868,61,0,0
39.9,85.0,1012.1,2755,81,1,0
22.7,61.0,1019.7,481,30,1,0
25.4,92.0,1010.5,3335,50,0,0
33.7,41.1,1002.7,198,89,0,1
33.3,82.0,1013.6,2671,88,0,0
33.6,45.0,1011.2,2147,87,0,0
26.0,76.8,1012.6,3364,66,0,0
31.5,61.5,1014.5,1318,22,0,0
31.9,95.6,1016.5,2300,61,0,1
30.6,92.2,997.8,3134,75,0,1
37.0,76.5,996.3,1609,97,0,0
21.7,77.4,1004.2,2325,12,0,0
35.6,48.4,1021.4,3202,57,0,0
25.3,53.6,998.4,2834,0,0,0
28.3,91.4,1009.0,660,33,0,0
32.0,66.2,1006.5,1601,60,0,0
35.0,95.4,993.9,787,33,1,1
20.3,46.9,990.9,3467,33,0,0
30.8,68.5,1023.7,1875,91,0,0
33.5,53.3,997.9,3988,8,1,0
20.9,67.1,992.2,253,74,0,0
37.2,89.5,1008.1,61,82,0,0
34.8,63.7,1005.8,1735,81,0,0
38.5,85.8,1013.2,2219,39,0,0
20.1,86.0,1023.4,2966,79,0,0
35.8,77.9,1016.5,3654,35,0,0
35.6,51.8,1001.0,238,43,0,0
39.5,66.0,1008.5,3305,33,0,0
32.8,98.4,1023.5,2356,72,0,1
30.6,50.2,999.5,137,35,1,0
20.3,79.0,997.9,1051,12,0,0
29.7,82.2,1012.6,3294,56,0,0
23.4,91.0,1019.6,2963,69,0,0
28.7,71.5,1021.8,671,92,0,0
31.5,83.2,996.4,3168,18,0,0
34.2,60.3,1004.7,3061,47,0,0
23.3,59.4,998.4,1081,35,0,0
21.4,87.9,1008.7,1177,87,0,1
23.0,49.0,998.4,1586,53,0,0
30.2,75.8,1000.4,2816,41,0,1
38.2,45.2,1014.8,856,62,1,1
30.4,61.8,991.7,0,43,1,0
32.5,60.4,1021.5,2734,54,0,0
34.2,80.0,999.0,2531,51,0,0
32.8,51.1,1019.6,2546,50,1,0
35.3,98.4,1018.4,473,57,1,1
38.1,76.6,1017.8,1983,12,0,0
22.6,68.8,1002.2,3880,55,1,0
21.8,50.7,1005.2,347,37,0,0
38.8,63.3,1012.2,1038,39,1,0
22.2,90.2,1011.4,859,41,0,0
22.1,53.0,1013.6,1743,32,0,0
39.4,83.2,996.3,1276,89,1,1
34.0,80.0,1003.5,2741,63,0,0
38.9,58.6,1018.5,801,5,1,0
29.8,78.5,1011.2,4070,42,0,0
24.6,76.3,1018.0,114,45,0,0
35.9,92.0,998.8,1624,53,1,1
39.1,99.5,1006.6,551,5,1,1
26.9,49.4,1008.1,651,68,0,0
33.8,87.5,997.7,2131,6,0,1
30.6,86.7,1017.5,2113,54,0,0
21.9,63.3,1001.3,4008,96,1,1
29.0,85.7,1019.4,1203,99,0,0
21.6,54.2,1013.1,1388,66,0,0
37.7,87.7,993.4,691,17,0,1
22.9,78.9,998.9,3265,9,1,0
28.8,65.4,1013.0,289,71,1,0
32.1,44.7,1000.5,3403,7,1,0
27.1,49.6,1013.4,2543,43,0,0
30.2,50.9,1014.8,319,11,0,0
30.3,93.8,996.7,998,29,0,1
31.1,98.3,1020.6,217,64,0,1
29.1,40.8,1017.7,2493,98,0,0
23.8,87.8,1013.7,506,68,0,0
31.4,58.8,996.1,649,70,1,0
28.4,58.1,1004.2,1168,78,0,0
22.6,95.0,1003.3,438,10,1,1
32.6,62.3,1017.8,1865,37,0,0
30.8,83.2,1018.6,3517,0,0,0
32.1,54.3,1008.0,2122,76,0,0
31.6,95.1,1004.9,817,77,0,1
29.7,55.4,1002.5,3473,13,0,0
25.3,60.9,1019.3,2362,58,0,0
26.6,59.6,997.9,3521,16,0,0
39.7,85.8,999.8,2941,90,1,1
23.9,44.5,995.4,3142,95,1,1
24.1,85.1,992.7,371,67,0,1
28.0,77.9,1005.2,83,11,0,0
22.9,90.7,1011.1,1109,75,0,0
22.8,96.9,995.0,293,49,0,1
20.5,48.5,1005.3,1649,57,0,1
31.1,79.3,1018.8,942,2,0,0
32.5,59.2,990.2,3136,67,1,0
31.4,57.0,1001.1,4034,26,1,0
20.2,47.2,1002.8,3836,7,0,0
34.9,61.3,1024.7,2010,14,0,0
31.5,51.9,1021.8,3703,13,1,0
30.8,64.4,1022.0,3179,51,1,0
36.8,96.9,993.1,2079,36,1,1
20.9,65.4,1004.8,3753,36,0,0
29.2,89.2,990.8,2820,36,0,1
37.9,98.3,995.6,2675,26,0,1
36.1,63.3,1001.4,496,89,0,0
29.1,41.4,1021.9,1879,55,0,0
30.6,94.9,1012.3,1949,58,1,0
25.6,54.4,1005.5,2398,43,0,0
21.5,47.2,992.8,64,17,1,0
21.4,83.1,1019.1,1434,5,0,0
36.1,46.7,1002.9,2783,64,0,0
32.4,62.6,1005.7,1091,94,1,1
31.9,75.4,1019.0,2423,28,0,0
23.8,59.7,1004.0,2341,94,0,0
21.5,95.9,990.5,1530,80,1,1
30.9,93.2,993.8,3433,68,0,1
24.7,87.6,1022.1,3235,73,0,0
32.3,42.5,990.9,1874,46,1,0
37.4,80.5,990.1,2526,4,0,0
24.3,80.0,1004.8,1986,66,0,0
27.2,79.8,997.5,436,73,0,0
20.5,47.0,995.6,3619,91,0,0
35.7,44.9,1024.4,2436,92,0,0
29.2,91.0,1006.2,3392,5,0,0
21.5,63.4,1019.0,3259,22,1,0
30.2,41.0,1022.4,1093,93,0,0
30.8,57.4,1016.9,3454,53,1,0
20.8,83.6,1005.0,1150,88,0,0
39.1,42.3,1019.9,2898,99,0,0
30.0,64.6,1008.6,282,83,0,0
22.7,44.1,990.0,3038,47,1,0
31.4,95.8,1020.8,246,63,0,1
35.5,64.0,992.0,2905,86,1,1
28.5,53.5,1019.8,16,8,0,0
20.8,56.3,1001.1,3357,12,1,0
26.1,75.0,998.6,1731,32,1,0
33.4,82.0,1019.6,3729,81,0,0
20.4,94.4,991.4,809,46,1,1
25.1,48.0,1012.3,1817,46,0,0
32.2,70.0,1014.3,256,1,0,0
35.8,87.5,1008.9,1898,4,0,0
24.6,47.7,1013.9,389,96,1,1
35.0,86.2,995.1,1731,99,0,1
37.5,75.2,1021.7,1323,57,0,0
39.4,68.1,1004.0,796,91,0,0
28.5,59.0,991.0,1102,10,0,0
38.9,57.5,1019.4,3413,86,0,0
23.8,45.5,998.3,2405,25,0,0
29.5,60.9,1004.5,3252,93,0,0
30.9,65.3,997.1,2270,42,0,0
28.5,88.2,1009.3,3202,62,1,0
39.7,45.7,999.4,2923,89,0,0
23.2,85.9,1007.2,221,11,0,0
21.1,81.5,1001.1,3479,44,1,0
27.8,85.9,1003.7,3033,56,0,1
36.3,76.0,1009.7,3645,98,1,1
24.4,67.8,1011.2,3377,40,0,0
32.6,67.4,997.3,1092,53,1,0
35.7,78.7,1017.6,1454,20,1,0
23.7,97.6,997.2,3067,75,0,1
23.0,65.6,1007.9,2465,47,0,0
21.5,68.2,1000.5,1975,56,0,0
24.3,64.9,998.0,3736,65,0,0
24.4,43.9,1023.0,3779,8,0,0
38.8,49.6,1016.4,3328,46,1,1
36.9,61.5,1019.8,2751,60,0,0
28.7,70.3,1016.6,527,1,1,0
26.4,50.6,997.4,2608,19,0,0
39.0,40.5,1022.2,3823,14,1,0
24.7,86.2,1001.4,1335,77,1,1
30.4,96.3,998.6,2280,13,0,1
20.6,92.4,1003.2,292,57,0,1
39.2,44.3,1019.5,1691,30,0,1
39.6,96.3,1011.4,2644,86,1,1
37.6,96.6,1003.7,2945,14,0,1
31.1,95.6,1003.0,1487,20,1,1
35.4,83.1,1007.0,689,78,0,0
31.2,80.1,996.7,2412,5,0,0
31.3,92.3,1012.3,3628,86,0,0
33.8,84.9,991.4,3598,21,1,0
32.7,74.4,1015.4,1436,49,0,0
28.9,72.1,991.5,2926,67,0,0
21.3,82.0,994.7,2250,22,0,0
33.3,41.7,996.0,216,10,0,0
39.1,79.3,1000.0,1468,13,0,0
27.4,86.8,1023.8,199,39,0,0
24.3,52.7,1010.8,1890,41,0,0
30.5,79.2,1024.0,1783,2,0,0
27.6,97.3,1014.8,755,35,0,1
38.8,60.0,1013.0,3268,62,1,0
37.7,73.7,999.4,2583,13,1,0
39.1,85.5,1013.3,2577,6,0,0
20.9,77.9,1015.4,462,64,0,0
37.0,86.1,1004.7,856,93,1,1
23.4,92.5,1000.6,94,18,0,1
29.6,98.0,994.0,1411,15,0,1
37.3,63.2,1021.4,2452,69,0,0
39.0,97.1,1021.8,449,95,1,1
28.7,46.7,1018.9,3803,97,0,0
35.8,74.6,1002.5,329,15,1,0
33.1,87.2,1009.2,3595,6,0,0
38.8,79.9,993.5,3921,96,1,1
21.9,73.8,1023.3,2231,56,0,0
25.2,80.1,1009.1,2792,91,0,0
27.7,81.1,995.3,566,76,1,0
31.0,71.2,1017.5,2212,76,0,0
39.4,50.1,1012.5,1457,49,0,0
24.5,77.2,1018.2,3341,81,1,1
29.3,86.0,1018.5,3212,72,0,0
21.2,42.7,1024.8,2323,46,1,0
35.3,65.3,1013.6,1604,14,0,0
21.4,45.3,1006.5,2633,58,1,0
38.3,52.0,1013.3,96,44,0,0
32.9,80.4,1021.2,1565,84,0,0
39.3,61.3,999.3,2431,79,0,0
29.1,46.5,996.9,2353,31,1,0
27.7,55.0,1005.6,3838,93,1,1
36.3,71.2,1005.0,2557,63,0,0
39.3,86.5,1010.6,3673,14,1,0
21.8,45.3,995.2,1190,43,0,0
29.4,85.6,998.1,3508,36,0,1
22.9,94.4,990.0,2131,0,0,1
31.6,89.5,1000.7,3083,48,0,1
33.0,68.8,1004.4,1430,26,1,0
20.3,82.3,993.8,2212,39,0,0
24.8,70.2,1019.0,293,40,0,0
34.6,58.3,1018.0,599,25,1,0
30.4,49.5,1015.2,14,49,0,0
22.3,99.3,998.7,3612,17,1,1
26.2,95.6,1008.5,289,23,0,1
39.7,64.8,990.2,739,20,0,0
35.1,57.5,998.7,2755,57,0,0
24.3,44.1,1004.5,631,50,0,0
25.1,52.3,1022.0,3025,5,0,0
32.3,68.5,998.9,4050,83,1,1
31.0,44.8,1022.8,2243,81,0,0
31.5,57.1,1003.6,3697,8,1,0
37.4,83.8,1013.0,3631,26,0,0
20.6,95.1,1007.9,177,32,1,1
39.4,62.4,996.0,3129,15,0,0
20.3,74.3,1018.2,3518,85,0,0
30.5,62.8,1001.9,562,50,0,0
33.9,47.1,1023.4,2953,9,0,0
25.1,95.2,1024.1,2832,20,0,1
34.4,99.9,1009.4,1775,22,0,1
32.9,66.7,1005.9,3684,98,1,1
30.0,49.5,991.6,1024,1,1,0
20.7,77.6,1019.1,1913,48,0,0
34.5,93.5,994.1,2384,52,0,1
20.8,84.5,1003.4,2520,7,0,0
24.7,54.3,996.1,1004,1,0,0
34.7,96.4,995.7,912,18,0,1
24.9,61.1,991.2,503,36,0,0
31.8,71.7,1009.9,101,25,0,0
21.6,58.7,1003.5,355,89,1,1
38.3,44.5,1021.7,2096,28,0,0
24.8,58.1,1000.0,2121,55,0,0
28.2,85.4,1009.2,3582,90,1,1
34.5,53.8,1006.3,2165,90,0,0
33.4,86.6,1006.2,2771,20,0,0
33.6,57.5,1007.6,3090,32,0,0
23.9,98.3,1021.2,2440,70,0,1
30.9,69.6,1002.6,185,10,0,0
22.6,42.0,1008.8,1693,98,1,1
32.4,84.7,993.9,2912,45,0,0
38.7,49.8,1024.8,1019,49,1,0
36.1,75.7,991.8,962,77,1,0
29.8,98.9,1010.5,309,57,1,1
37.9,77.1,995.7,2613,9,1,0
32.5,80.7,999.8,2451,19,1,0
33.4,77.6,1002.3,2212,37,0,0
20.7,62.6,1019.7,4039,33,0,0
40.0,75.1,993.7,2749,93,1,1
22.6,84.6,1024.0,2575,71,1,0
38.1,75.7,999.1,1310,42,0,0
25.5,76.4,1006.8,2188,9,1,0
25.2,45.8,994.3,2694,18,0,0
35.1,94.6,1000.6,983,78,0,1
30.9,76.8,1005.5,3535,40,0,0
35.1,86.7,997.1,3895,77,0,1
33.7,78.3,1019.4,3761,37,0,0
37.7,84.7,1000.1,1660,24,0,0
27.7,41.2,998.4,2361,54,1,0
37.9,52.9,1010.9,3978,34,1,0
38.9,40.7,1020.1,3856,8,0,0
33.8,79.5,996.8,3555,72,0,1
26.9,79.4,1012.8,973,27,0,1
30.2,52.5,1018.4,2059,75,0,0
31.5,89.1,1006.0,3768,18,1,0
30.7,45.9,990.4,3257,54,1,0
20.6,45.7,1005.3,1625,79,0,0
27.7,94.0,1012.6,358,54,0,0
23.4,51.3,1007.3,2419,72,1,1
25.2,69.1,999.8,241,83,0,0
20.3,42.4,1021.2,2722,85,1,1
24.1,40.7,1019.9,3687,36,1,0
24.7,65.0,990.5,1231,73,0,0
24.0,85.8,1000.0,1427,1,0,1
28.1,55.8,1002.4,108,76,0,1
28.4,78.4,1007.1,3185,60,0,0
30.2,52.2,1009.1,1094,45,0,0
27.8,71.2,998.5,3903,28,0,1
38.7,50.4,1016.7,275,35,1,0
24.1,88.7,1021.8,1653,11,1,1
25.8,77.1,1011.4,3893,16,1,0
24.3,69.5,1018.8,1199,9,1,0
25.3,87.2,1020.3,1801,40,1,0
26.2,45.1,1015.6,2376,99,1,1
33.1,98.5,1022.4,3224,62,1,0
27.7,79.3,1014.4,3513,90,1,1
38.6,62.2,1024.1,1345,61,0,0
40.0,72.9,1014.2,2004,42,0,0
34.3,49.6,1022.2,892,15,1,0
35.2,45.9,1000.8,1025,61,1,0
28.7,67.7,1013.8,2662,37,1,0
37.8,63.4,1014.5,2626,23,0,0
32.2,59.4,996.4,1805,9,0,1
39.5,46.5,1021.3,2941,82,0,0
30.8,85.2,992.9,367,9,0,1
28.2,97.9,999.2,61,14,0,1
31.8,41.9,1018.0,859,60,0,0
33.4,46.6,1017.7,593,78,1,0
21.3,65.6,1014.6,1486,53,0,0
27.9,84.7,1006.2,3969,68,1,1
23.7,67.8,999.0,3626,97,0,0
23.7,83.8,1021.7,2532,74,0,0
38.4,90.0,991.5,2418,62,1,1
27.5,81.1,1016.6,1560,52,0,0
27.5,100.0,1009.7,705,14,0,1
38.3,81.7,1007.1,2501,22,0,0
24.2,74.7,995.2,1647,77,1,0
28.9,96.1,1015.5,3663,31,0,1
36.0,48.7,1020.4,1648,87,0,0
38.1,61.9,1004.5,610,41,0,0
35.5,98.7,1014.4,792,62,0,1
38.9,46.6,1019.3,2541,3,1,0
36.9,95.1,1007.6,232,90,0,1
20.5,40.8,994.4,1387,5,0,0
39.6,97.5,1024.3,421,53,0,1
22.4,86.4,1005.7,2988,56,0,0
36.8,87.0,1017.2,2931,80,0,0
39.7,82.2,1015.1,1020,88,0,0
38.3,76.5,1002.2,1427,20,0,0
23.8,70.3,997.6,2656,19,0,0
24.5,87.2,1023.3,1046,57,1,0
34.4,85.7,1024.5,3230,29,1,0
29.0,41.8,1006.5,2732,3,0,0
22.5,49.2,1002.0,1623,7,0,0
26.9,52.3,992.7,917,30,0,0
26.0,63.1,1018.2,2606,74,1,0
25.2,97.2,1022.4,2659,56,1,1
34.1,89.6,1011.3,258,4,1,0
36.1,54.1,996.6,3839,11,1,0
24.1,74.2,1024.4,1411,51,0,1
28.0,66.1,1008.0,1788,75,0,0
25.1,71.3,1021.1,110,92,1,1
36.2,98.2,1008.7,3816,53,1,1
35.4,85.3,1008.6,2145,68,0,0
28.2,74.9,1024.4,704,47,0,0
23.4,89.1,998.0,3840,7,0,1
31.4,90.9,992.4,2957,11,0,1
30.6,87.5,1002.9,2680,38,0,0
32.6,59.1,1023.6,3576,2,0,0
34.3,76.7,1007.2,978,83,0,0
31.5,98.7,1013.8,3546,45,0,1
24.1,98.9,1021.4,2127,62,1,1
35.7,81.5,1012.1,3190,14,1,0
30.0,89.8,998.4,1243,17,0,1
39.5,43.5,1007.1,573,59,0,0
31.1,47.3,1007.0,2152,38,1,0
30.5,70.1,994.1,3329,87,0,0
32.1,93.6,991.9,2896,48,1,1
23.0,59.0,1003.1,620,54,1,0
37.7,78.1,1011.5,3633,42,0,0
21.3,40.0,996.2,2649,23,0,0
38.8,99.3,1002.4,1794,97,0,1
32.4,60.4,997.5,999,2,0,0
32.5,64.2,1021.8,1122,78,0,0
29.3,70.3,1000.5,2164,8,1,0
37.0,40.7,999.6,2315,46,0,0
37.6,94.8,1008.8,3599,55,0,0
36.8,89.5,1012.7,727,62,0,0
36.9,52.0,1013.0,1391,32,0,0
21.5,78.9,997.7,2599,6,0,0
20.9,65.1,1015.8,3075,42,1,0
36.1,61.1,993.2,3807,46,0,0
20.9,74.0,1023.8,473,19,1,0
23.9,78.2,1016.3,464,65,0,0
20.9,89.0,1022.2,1822,64,0,0
34.7,68.4,1008.3,1431,74,1,0
23.2,41.2,1012.0,2469,7,0,0
29.4,78.3,1019.0,2793,4,0,0
32.2,61.6,995.6,1797,62,0,0
26.4,99.2,1015.5,2441,77,1,1
33.8,42.4,999.3,542,74,1,0
